model,profile_id,repetition,delta,PVC,autonomy_infringement,procedural_legitimacy,collective_responsibility,access_barriers,coercive_backlash
GPT-4.1,P01,1,40.0,-1.049,0,0,1,1,0
GPT-4.1,P01,2,35.0,-1.049,0,0,1,1,0
GPT-4.1,P01,3,40.0,-1.049,0,0,1,1,0
GPT-4.1,P01,4,35.0,-1.049,0,0,1,1,0
GPT-4.1,P01,5,40.0,-1.049,0,0,1,1,0
GPT-4.1,P02,1,45.0,-1.049,0,0,1,1,0
GPT-4.1,P02,2,45.0,-1.049,0,0,1,1,0
GPT-4.1,P02,3,40.0,-1.049,0,0,1,1,0
GPT-4.1,P02,4,45.0,-1.049,0,0,1,0,0
GPT-4.1,P02,5,40.0,-1.049,0,0,1,1,0
GPT-4.1,P03,1,40.0,-1.049,0,0,1,1,0
GPT-4.1,P03,2,35.0,-1.049,0,0,1,1,0
GPT-4.1,P03,3,40.0,-1.049,0,0,1,1,0
GPT-4.1,P03,4,40.0,-1.049,0,0,1,1,0
GPT-4.1,P03,5,35.0,-1.049,0,0,1,1,0
GPT-4.1,P04,1,35.0,-1.049,0,0,1,1,0
GPT-4.1,P04,2,35.0,-1.049,0,0,1,1,0
GPT-4.1,P04,3,35.0,-1.049,0,0,1,1,0
GPT-4.1,P04,4,30.0,-1.049,0,0,1,1,0
GPT-4.1,P04,5,30.0,-1.049,0,0,1,1,0
GPT-4.1,P05,1,35.0,-1.049,0,0,1,1,0
GPT-4.1,P05,2,35.0,-1.049,0,0,1,1,0
GPT-4.1,P05,3,35.0,-1.049,0,0,1,1,0
GPT-4.1,P05,4,35.0,-1.049,0,0,1,1,0
GPT-4.1,P05,5,35.0,-1.049,0,0,1,1,0
GPT-4.1,P06,1,25.0,-1.049,0,0,1,1,0
GPT-4.1,P06,2,25.0,-1.049,0,0,1,1,0
GPT-4.1,P06,3,25.0,-1.049,0,0,1,1,0
GPT-4.1,P06,4,25.0,-1.049,0,0,1,1,0
GPT-4.1,P06,5,25.0,-1.049,0,0,1,1,0
GPT-4.1,P07,1,20.0,-1.049,0,0,1,1,0
GPT-4.1,P07,2,20.0,-1.049,0,0,1,1,0
GPT-4.1,P07,3,20.0,-1.049,0,0,1,1,0
GPT-4.1,P07,4,25.0,-1.049,0,0,1,0,0
GPT-4.1,P07,5,20.0,-1.049,0,0,0,1,0
GPT-4.1,P08,1,30.0,-1.049,0,0,1,1,0
GPT-4.1,P08,2,30.0,-1.049,0,0,1,0,0
GPT-4.1,P08,3,25.0,-1.049,0,0,1,1,0
GPT-4.1,P08,4,25.0,-1.049,0,0,1,0,0
GPT-4.1,P08,5,30.0,-1.049,0,0,1,1,0
GPT-4.1,P09,1,25.0,-1.049,0,0,1,1,0
GPT-4.1,P09,2,25.0,-1.049,0,0,1,1,0
GPT-4.1,P09,3,25.0,-1.049,0,0,1,1,0
GPT-4.1,P09,4,25.0,-1.049,0,0,1,1,0
GPT-4.1,P09,5,25.0,-1.049,0,0,1,1,0
GPT-4.1,P10,1,35.0,-1.049,0,0,1,1,0
GPT-4.1,P10,2,35.0,-1.049,0,0,1,1,0
GPT-4.1,P10,3,35.0,-1.049,0,0,1,1,0
GPT-4.1,P10,4,35.0,-1.049,0,0,1,1,0
GPT-4.1,P10,5,35.0,-1.049,0,0,1,1,0
GPT-4.1,P11,1,40.0,-1.049,0,0,1,1,0
GPT-4.1,P11,2,40.0,-1.049,0,0,1,1,0
GPT-4.1,P11,3,40.0,-1.049,0,0,1,1,0
GPT-4.1,P11,4,40.0,-1.049,0,0,1,1,0
GPT-4.1,P11,5,40.0,-1.049,0,0,1,1,0
GPT-4.1,P12,1,40.0,-1.049,0,0,1,1,0
GPT-4.1,P12,2,30.0,-1.049,0,0,1,1,0
GPT-4.1,P12,3,30.0,-1.049,0,0,1,1,0
GPT-4.1,P12,4,40.0,-1.049,0,0,1,1,0
GPT-4.1,P12,5,40.0,-1.049,0,0,1,1,0
GPT-4.1,P13,1,25.0,-1.049,0,0,1,1,0
GPT-4.1,P13,2,25.0,-1.049,0,0,1,1,0
GPT-4.1,P13,3,25.0,-1.049,0,0,1,1,0
GPT-4.1,P13,4,25.0,-1.049,0,0,1,1,0
GPT-4.1,P13,5,25.0,-1.049,0,0,1,1,0
GPT-4.1,P14,1,30.0,-1.049,0,0,1,0,0
GPT-4.1,P14,2,30.0,-1.049,0,0,1,0,0
GPT-4.1,P14,3,30.0,-1.049,0,0,1,0,0
GPT-4.1,P14,4,30.0,-1.049,0,0,1,0,0
GPT-4.1,P14,5,30.0,-1.049,0,0,1,0,0
GPT-4.1,P15,1,25.0,-1.049,0,0,1,0,0
GPT-4.1,P15,2,25.0,-1.049,0,0,1,0,0
GPT-4.1,P15,3,25.0,-1.049,0,0,0,0,0
GPT-4.1,P15,4,25.0,-1.049,0,0,1,0,0
GPT-4.1,P15,5,25.0,-1.049,0,0,1,0,0
GPT-4.1,P16,1,20.0,-1.049,0,0,1,0,0
GPT-4.1,P16,2,20.0,-1.049,0,0,0,0,0
GPT-4.1,P16,3,20.0,-1.049,0,0,1,0,0
GPT-4.1,P16,4,20.0,-1.049,0,0,1,0,0
GPT-4.1,P16,5,20.0,-1.049,0,0,1,0,0
GPT-4.1,P17,1,25.0,-1.049,0,0,1,1,0
GPT-4.1,P17,2,25.0,-1.049,0,0,1,0,0
GPT-4.1,P17,3,25.0,-1.049,0,0,1,0,0
GPT-4.1,P17,4,25.0,-1.049,0,0,1,0,0
GPT-4.1,P17,5,25.0,-1.049,0,0,1,0,0
GPT-4.1,P18,1,20.0,-1.049,0,0,1,0,0
GPT-4.1,P18,2,20.0,-1.049,0,0,1,0,0
GPT-4.1,P18,3,20.0,-1.049,0,0,1,0,0
GPT-4.1,P18,4,20.0,-1.049,0,0,1,0,0
GPT-4.1,P18,5,20.0,-1.049,0,0,1,0,0
GPT-4.1,P19,1,35.0,-1.049,0,0,1,1,0
GPT-4.1,P19,2,35.0,-1.049,0,0,1,1,0
GPT-4.1,P19,3,35.0,-1.049,0,0,1,1,0
GPT-4.1,P19,4,35.0,-1.049,0,0,1,1,0
GPT-4.1,P19,5,35.0,-1.049,0,0,1,1,0
GPT-4.1,P20,1,40.0,-1.049,0,0,1,1,0
GPT-4.1,P20,2,40.0,-1.049,0,0,1,1,0
GPT-4.1,P20,3,30.0,-1.049,0,0,1,0,0
GPT-4.1,P20,4,40.0,-1.049,0,0,1,1,0
GPT-4.1,P20,5,40.0,-1.049,0,0,1,1,0
GPT-4.1,P21,1,30.0,-1.049,0,0,1,1,0
GPT-4.1,P21,2,30.0,-1.049,0,0,1,1,0
GPT-4.1,P21,3,30.0,-1.049,0,0,1,1,0
GPT-4.1,P21,4,30.0,-1.049,0,0,1,1,0
GPT-4.1,P21,5,30.0,-1.049,0,0,1,1,0
GPT-4.1,P22,1,30.0,-1.049,0,0,1,1,0
GPT-4.1,P22,2,25.0,-1.049,0,0,1,0,0
GPT-4.1,P22,3,20.0,-1.049,0,0,1,1,0
GPT-4.1,P22,4,25.0,-1.049,0,0,0,1,0
GPT-4.1,P22,5,25.0,-1.049,0,0,0,0,0
GPT-4.1,P23,1,30.0,-1.049,0,0,1,0,0
GPT-4.1,P23,2,30.0,-1.049,0,0,1,0,0
GPT-4.1,P23,3,25.0,-1.049,0,0,1,0,0
GPT-4.1,P23,4,30.0,-1.049,0,0,1,0,0
GPT-4.1,P23,5,30.0,-1.049,0,0,1,0,0
GPT-4.1,P24,1,20.0,-1.049,0,0,1,0,0
GPT-4.1,P24,2,20.0,-1.049,0,0,1,0,0
GPT-4.1,P24,3,20.0,-1.049,0,0,0,0,0
GPT-4.1,P24,4,20.0,-1.049,0,0,0,0,0
GPT-4.1,P24,5,20.0,-1.049,0,0,1,0,0
GPT-4.1,P25,1,20.0,-1.049,0,0,1,1,0
GPT-4.1,P25,2,20.0,-1.049,0,0,1,1,0
GPT-4.1,P25,3,20.0,-1.049,0,0,1,1,0
GPT-4.1,P25,4,20.0,-1.049,0,0,1,1,0
GPT-4.1,P25,5,20.0,-1.049,0,0,1,1,0
GPT-4.1,P26,1,25.0,-1.049,0,0,0,0,0
GPT-4.1,P26,2,25.0,-1.049,0,0,1,0,0
GPT-4.1,P26,3,25.0,-1.049,0,0,1,0,0
GPT-4.1,P26,4,25.0,-1.049,0,0,1,0,0
GPT-4.1,P26,5,25.0,-1.049,0,0,0,0,0
GPT-4.1,P27,1,20.0,-1.049,0,0,0,0,0
GPT-4.1,P27,2,20.0,-1.049,0,0,1,0,0
GPT-4.1,P27,3,20.0,-1.049,0,0,0,0,0
GPT-4.1,P27,4,20.0,-1.049,0,0,1,0,0
GPT-4.1,P27,5,20.0,-1.049,0,0,1,0,0
GPT-4.1 mini,P01,1,45.0,-0.579,0,0,1,1,0
GPT-4.1 mini,P01,2,45.0,-0.579,0,0,1,1,0
GPT-4.1 mini,P01,3,45.0,-0.579,0,0,1,1,0
GPT-4.1 mini,P01,4,45.0,-0.579,0,0,1,1,0
GPT-4.1 mini,P01,5,45.0,-0.579,0,0,1,1,0
GPT-4.1 mini,P02,1,45.0,-0.579,0,0,1,1,0
GPT-4.1 mini,P02,2,45.0,-0.579,0,0,1,1,0
GPT-4.1 mini,P02,3,40.0,-0.579,0,0,1,1,0
GPT-4.1 mini,P02,4,40.0,-0.579,0,0,1,1,0
GPT-4.1 mini,P02,5,40.0,-0.579,0,0,1,1,0
GPT-4.1 mini,P03,1,35.0,-0.579,0,0,1,1,0
GPT-4.1 mini,P03,2,35.0,-0.579,0,0,1,1,0
GPT-4.1 mini,P03,3,35.0,-0.579,0,0,1,1,0
GPT-4.1 mini,P03,4,35.0,-0.579,0,0,1,1,0
GPT-4.1 mini,P03,5,35.0,-0.579,0,0,1,1,0
GPT-4.1 mini,P04,1,35.0,-0.579,0,0,1,1,0
GPT-4.1 mini,P04,2,35.0,-0.579,0,0,1,1,0
GPT-4.1 mini,P04,3,35.0,-0.579,0,0,1,1,0
GPT-4.1 mini,P04,4,35.0,-0.579,0,0,1,1,0
GPT-4.1 mini,P04,5,35.0,-0.579,0,0,1,1,0
GPT-4.1 mini,P05,1,35.0,-0.579,0,0,1,1,0
GPT-4.1 mini,P05,2,35.0,-0.579,0,0,1,1,0
GPT-4.1 mini,P05,3,35.0,-0.579,0,0,1,1,0
GPT-4.1 mini,P05,4,35.0,-0.579,0,0,1,1,0
GPT-4.1 mini,P05,5,35.0,-0.579,0,0,1,1,0
GPT-4.1 mini,P06,1,30.0,-0.579,0,0,0,1,0
GPT-4.1 mini,P06,2,30.0,-0.579,0,0,0,1,0
GPT-4.1 mini,P06,3,30.0,-0.579,0,0,1,1,0
GPT-4.1 mini,P06,4,40.0,-0.579,0,0,1,1,0
GPT-4.1 mini,P06,5,40.0,-0.579,0,0,1,1,0
GPT-4.1 mini,P07,1,35.0,-0.579,0,0,1,1,0
GPT-4.1 mini,P07,2,35.0,-0.579,0,0,1,1,0
GPT-4.1 mini,P07,3,35.0,-0.579,0,0,1,1,0
GPT-4.1 mini,P07,4,35.0,-0.579,0,0,1,1,0
GPT-4.1 mini,P07,5,35.0,-0.579,0,0,1,1,0
GPT-4.1 mini,P08,1,30.0,-0.579,0,0,1,1,0
GPT-4.1 mini,P08,2,35.0,-0.579,0,0,1,1,0
GPT-4.1 mini,P08,3,30.0,-0.579,0,0,1,1,0
GPT-4.1 mini,P08,4,30.0,-0.579,0,0,1,1,0
GPT-4.1 mini,P08,5,35.0,-0.579,0,0,1,1,0
GPT-4.1 mini,P09,1,40.0,-0.579,0,0,0,1,0
GPT-4.1 mini,P09,2,40.0,-0.579,0,0,1,1,0
GPT-4.1 mini,P09,3,40.0,-0.579,0,0,1,1,0
GPT-4.1 mini,P09,4,40.0,-0.579,0,0,1,1,0
GPT-4.1 mini,P09,5,45.0,-0.579,0,0,1,1,0
GPT-4.1 mini,P10,1,35.0,-0.579,0,0,1,1,0
GPT-4.1 mini,P10,2,35.0,-0.579,0,0,1,1,0
GPT-4.1 mini,P10,3,35.0,-0.579,0,0,1,1,0
GPT-4.1 mini,P10,4,45.0,-0.579,0,0,1,1,0
GPT-4.1 mini,P10,5,45.0,-0.579,0,0,1,1,0
GPT-4.1 mini,P11,1,40.0,-0.579,0,0,1,1,0
GPT-4.1 mini,P11,2,35.0,-0.579,0,0,1,1,0
GPT-4.1 mini,P11,3,35.0,-0.579,0,0,1,1,0
GPT-4.1 mini,P11,4,40.0,-0.579,0,0,1,1,0
GPT-4.1 mini,P11,5,40.0,-0.579,0,0,1,1,0
GPT-4.1 mini,P12,1,35.0,-0.579,0,0,1,1,0
GPT-4.1 mini,P12,2,35.0,-0.579,0,0,1,1,0
GPT-4.1 mini,P12,3,35.0,-0.579,0,0,1,1,0
GPT-4.1 mini,P12,4,35.0,-0.579,0,0,1,1,0
GPT-4.1 mini,P12,5,35.0,-0.579,0,0,1,1,0
GPT-4.1 mini,P13,1,35.0,-0.579,0,0,1,0,0
GPT-4.1 mini,P13,2,35.0,-0.579,0,0,1,1,0
GPT-4.1 mini,P13,3,35.0,-0.579,0,0,1,0,0
GPT-4.1 mini,P13,4,35.0,-0.579,0,0,1,0,0
GPT-4.1 mini,P13,5,35.0,-0.579,0,0,1,0,0
GPT-4.1 mini,P14,1,30.0,-0.579,0,0,1,0,0
GPT-4.1 mini,P14,2,35.0,-0.579,0,0,1,0,0
GPT-4.1 mini,P14,3,35.0,-0.579,0,0,1,0,0
GPT-4.1 mini,P14,4,35.0,-0.579,0,0,1,0,0
GPT-4.1 mini,P14,5,35.0,-0.579,0,0,0,0,0
GPT-4.1 mini,P15,1,30.0,-0.579,0,0,1,0,0
GPT-4.1 mini,P15,2,30.0,-0.579,0,0,1,0,0
GPT-4.1 mini,P15,3,30.0,-0.579,0,0,1,0,0
GPT-4.1 mini,P15,4,30.0,-0.579,0,0,1,0,0
GPT-4.1 mini,P15,5,30.0,-0.579,0,0,1,0,0
GPT-4.1 mini,P16,1,30.0,-0.579,0,0,1,0,0
GPT-4.1 mini,P16,2,35.0,-0.579,0,0,1,1,0
GPT-4.1 mini,P16,3,30.0,-0.579,0,0,1,0,0
GPT-4.1 mini,P16,4,35.0,-0.579,0,0,1,1,0
GPT-4.1 mini,P16,5,30.0,-0.579,0,0,1,1,0
GPT-4.1 mini,P17,1,35.0,-0.579,0,0,1,0,0
GPT-4.1 mini,P17,2,30.0,-0.579,0,0,1,0,0
GPT-4.1 mini,P17,3,30.0,-0.579,0,0,1,0,0
GPT-4.1 mini,P17,4,30.0,-0.579,0,0,1,0,0
GPT-4.1 mini,P17,5,35.0,-0.579,0,0,1,0,0
GPT-4.1 mini,P18,1,40.0,-0.579,0,0,1,0,0
GPT-4.1 mini,P18,2,40.0,-0.579,0,0,1,0,0
GPT-4.1 mini,P18,3,40.0,-0.579,0,0,1,0,0
GPT-4.1 mini,P18,4,40.0,-0.579,0,0,1,0,0
GPT-4.1 mini,P18,5,40.0,-0.579,0,0,1,0,0
GPT-4.1 mini,P19,1,35.0,-0.579,0,0,1,1,0
GPT-4.1 mini,P19,2,35.0,-0.579,0,0,1,1,0
GPT-4.1 mini,P19,3,35.0,-0.579,0,0,1,1,0
GPT-4.1 mini,P19,4,35.0,-0.579,0,0,1,1,0
GPT-4.1 mini,P19,5,35.0,-0.579,0,0,1,1,0
GPT-4.1 mini,P20,1,35.0,-0.579,0,0,1,1,0
GPT-4.1 mini,P20,2,35.0,-0.579,0,0,1,1,0
GPT-4.1 mini,P20,3,35.0,-0.579,0,0,1,1,0
GPT-4.1 mini,P20,4,35.0,-0.579,0,0,1,1,0
GPT-4.1 mini,P20,5,35.0,-0.579,0,0,1,1,0
GPT-4.1 mini,P21,1,40.0,-0.579,0,0,1,1,0
GPT-4.1 mini,P21,2,35.0,-0.579,0,0,1,1,0
GPT-4.1 mini,P21,3,35.0,-0.579,0,0,1,1,0
GPT-4.1 mini,P21,4,35.0,-0.579,0,0,1,1,0
GPT-4.1 mini,P21,5,40.0,-0.579,0,0,1,1,0
GPT-4.1 mini,P22,1,30.0,-0.579,0,0,1,1,0
GPT-4.1 mini,P22,2,30.0,-0.579,0,0,1,0,0
GPT-4.1 mini,P22,3,30.0,-0.579,0,0,1,1,0
GPT-4.1 mini,P22,4,30.0,-0.579,0,0,1,0,0
GPT-4.1 mini,P22,5,30.0,-0.579,0,0,1,1,0
GPT-4.1 mini,P23,1,30.0,-0.579,0,0,1,0,0
GPT-4.1 mini,P23,2,30.0,-0.579,0,0,1,0,0
GPT-4.1 mini,P23,3,30.0,-0.579,0,0,1,0,0
GPT-4.1 mini,P23,4,30.0,-0.579,0,0,1,0,0
GPT-4.1 mini,P23,5,30.0,-0.579,0,0,1,0,0
GPT-4.1 mini,P24,1,40.0,-0.579,0,0,1,0,0
GPT-4.1 mini,P24,2,20.0,-0.579,0,0,1,0,0
GPT-4.1 mini,P24,3,40.0,-0.579,0,0,1,0,0
GPT-4.1 mini,P24,4,30.0,-0.579,0,0,1,0,0
GPT-4.1 mini,P24,5,30.0,-0.579,0,0,1,0,0
GPT-4.1 mini,P25,1,30.0,-0.579,0,0,1,1,0
GPT-4.1 mini,P25,2,35.0,-0.579,0,0,1,1,0
GPT-4.1 mini,P25,3,30.0,-0.579,0,0,1,1,0
GPT-4.1 mini,P25,4,35.0,-0.579,0,0,1,1,0
GPT-4.1 mini,P25,5,30.0,-0.579,0,0,1,1,0
GPT-4.1 mini,P26,1,30.0,-0.579,0,0,1,0,0
GPT-4.1 mini,P26,2,30.0,-0.579,0,0,1,0,0
GPT-4.1 mini,P26,3,30.0,-0.579,0,0,1,0,0
GPT-4.1 mini,P26,4,30.0,-0.579,0,0,1,0,0
GPT-4.1 mini,P26,5,30.0,-0.579,0,0,1,0,0
GPT-4.1 mini,P27,1,35.0,-0.579,0,0,1,0,0
GPT-4.1 mini,P27,2,40.0,-0.579,0,0,1,0,0
GPT-4.1 mini,P27,3,35.0,-0.579,0,0,1,0,0
GPT-4.1 mini,P27,4,35.0,-0.579,0,0,1,0,0
GPT-4.1 mini,P27,5,35.0,-0.579,0,0,1,0,0
GPT-4o,P01,1,35.0,-3.198,0,0,1,1,0
GPT-4o,P01,2,35.0,-3.198,0,0,1,1,0
GPT-4o,P01,3,35.0,-3.198,0,0,1,1,0
GPT-4o,P01,4,35.0,-3.198,0,0,1,1,0
GPT-4o,P01,5,35.0,-3.198,0,0,1,1,0
GPT-4o,P02,1,45.0,-3.198,0,0,1,1,0
GPT-4o,P02,2,45.0,-3.198,0,0,1,1,0
GPT-4o,P02,3,45.0,-3.198,0,0,1,1,0
GPT-4o,P02,4,45.0,-3.198,0,0,1,1,0
GPT-4o,P02,5,45.0,-3.198,0,0,1,1,0
GPT-4o,P03,1,25.0,-3.198,0,0,0,1,0
GPT-4o,P03,2,25.0,-3.198,0,0,0,1,0
GPT-4o,P03,3,25.0,-3.198,0,0,1,1,0
GPT-4o,P03,4,25.0,-3.198,0,0,0,1,0
GPT-4o,P03,5,25.0,-3.198,0,0,1,1,0
GPT-4o,P04,1,15.0,-3.198,0,0,0,1,0
GPT-4o,P04,2,15.0,-3.198,0,0,0,1,0
GPT-4o,P04,3,15.0,-3.198,0,0,0,1,0
GPT-4o,P04,4,15.0,-3.198,0,0,0,1,0
GPT-4o,P04,5,15.0,-3.198,0,0,0,1,0
GPT-4o,P05,1,25.0,-3.198,0,0,0,1,0
GPT-4o,P05,2,25.0,-3.198,0,0,1,0,0
GPT-4o,P05,3,25.0,-3.198,0,0,0,0,0
GPT-4o,P05,4,25.0,-3.198,0,0,1,0,0
GPT-4o,P05,5,25.0,-3.198,0,0,0,0,0
GPT-4o,P06,1,25.0,-3.198,0,0,0,0,0
GPT-4o,P06,2,25.0,-3.198,0,0,0,1,0
GPT-4o,P06,3,25.0,-3.198,0,0,0,1,0
GPT-4o,P06,4,20.0,-3.198,0,0,0,0,0
GPT-4o,P06,5,25.0,-3.198,0,0,0,1,0
GPT-4o,P07,1,15.0,-3.198,0,0,0,0,0
GPT-4o,P07,2,15.0,-3.198,0,0,0,0,0
GPT-4o,P07,3,15.0,-3.198,0,0,0,0,0
GPT-4o,P07,4,15.0,-3.198,0,0,0,0,0
GPT-4o,P07,5,15.0,-3.198,0,0,0,0,0
GPT-4o,P08,1,25.0,-3.198,0,0,0,0,0
GPT-4o,P08,2,25.0,-3.198,0,0,1,0,0
GPT-4o,P08,3,25.0,-3.198,0,0,1,0,0
GPT-4o,P08,4,25.0,-3.198,0,0,1,0,0
GPT-4o,P08,5,25.0,-3.198,0,0,0,0,0
GPT-4o,P09,1,15.0,-3.198,0,0,0,0,0
GPT-4o,P09,2,20.0,-3.198,0,0,0,0,0
GPT-4o,P09,3,15.0,-3.198,0,0,0,0,0
GPT-4o,P09,4,20.0,-3.198,0,0,0,0,0
GPT-4o,P09,5,20.0,-3.198,0,0,0,0,0
GPT-4o,P10,1,35.0,-3.198,0,0,1,0,0
GPT-4o,P10,2,40.0,-3.198,0,0,1,1,0
GPT-4o,P10,3,40.0,-3.198,0,0,1,1,0
GPT-4o,P10,4,45.0,-3.198,0,0,1,0,0
GPT-4o,P10,5,35.0,-3.198,0,0,1,0,0
GPT-4o,P11,1,25.0,-3.198,0,0,1,1,0
GPT-4o,P11,2,25.0,-3.198,0,0,1,0,0
GPT-4o,P11,3,25.0,-3.198,0,0,1,0,0
GPT-4o,P11,4,25.0,-3.198,0,0,0,1,0
GPT-4o,P11,5,25.0,-3.198,0,0,0,1,0
GPT-4o,P12,1,25.0,-3.198,0,0,0,1,0
GPT-4o,P12,2,25.0,-3.198,0,0,0,1,0
GPT-4o,P12,3,25.0,-3.198,0,0,1,1,0
GPT-4o,P12,4,25.0,-3.198,0,0,1,1,0
GPT-4o,P12,5,25.0,-3.198,0,0,0,1,0
GPT-4o,P13,1,15.0,-3.198,0,0,1,0,0
GPT-4o,P13,2,25.0,-3.198,0,0,1,0,0
GPT-4o,P13,3,20.0,-3.198,0,0,1,0,0
GPT-4o,P13,4,15.0,-3.198,0,0,1,0,0
GPT-4o,P13,5,25.0,-3.198,0,0,1,0,0
GPT-4o,P14,1,25.0,-3.198,0,0,0,0,0
GPT-4o,P14,2,25.0,-3.198,0,0,0,0,0
GPT-4o,P14,3,25.0,-3.198,0,0,0,0,0
GPT-4o,P14,4,25.0,-3.198,0,0,0,0,0
GPT-4o,P14,5,25.0,-3.198,0,0,0,0,0
GPT-4o,P15,1,15.0,-3.198,0,0,0,0,0
GPT-4o,P15,2,15.0,-3.198,0,0,0,0,0
GPT-4o,P15,3,20.0,-3.198,0,0,0,1,0
GPT-4o,P15,4,15.0,-3.198,0,0,0,0,0
GPT-4o,P15,5,15.0,-3.198,0,0,0,0,0
GPT-4o,P16,1,25.0,-3.198,0,0,0,0,0
GPT-4o,P16,2,20.0,-3.198,0,0,1,0,0
GPT-4o,P16,3,25.0,-3.198,0,0,0,0,0
GPT-4o,P16,4,20.0,-3.198,0,0,0,0,0
GPT-4o,P16,5,25.0,-3.198,0,0,0,0,0
GPT-4o,P17,1,25.0,-3.198,0,0,1,0,0
GPT-4o,P17,2,25.0,-3.198,0,0,1,0,0
GPT-4o,P17,3,25.0,-3.198,0,0,1,0,0
GPT-4o,P17,4,25.0,-3.198,0,0,1,0,0
GPT-4o,P17,5,25.0,-3.198,0,0,1,0,0
GPT-4o,P18,1,15.0,-3.198,0,0,0,0,0
GPT-4o,P18,2,15.0,-3.198,0,0,0,0,0
GPT-4o,P18,3,15.0,-3.198,0,0,0,0,0
GPT-4o,P18,4,15.0,-3.198,0,0,0,0,0
GPT-4o,P18,5,15.0,-3.198,0,0,0,0,0
GPT-4o,P19,1,25.0,-3.198,0,0,0,0,0
GPT-4o,P19,2,25.0,-3.198,0,0,1,1,0
GPT-4o,P19,3,25.0,-3.198,0,0,1,1,0
GPT-4o,P19,4,25.0,-3.198,0,0,1,1,0
GPT-4o,P19,5,25.0,-3.198,0,0,1,1,0
GPT-4o,P20,1,25.0,-3.198,0,0,0,1,0
GPT-4o,P20,2,25.0,-3.198,0,0,0,1,0
GPT-4o,P20,3,25.0,-3.198,0,0,0,1,0
GPT-4o,P20,4,25.0,-3.198,0,0,0,1,0
GPT-4o,P20,5,25.0,-3.198,0,0,0,1,0
GPT-4o,P21,1,25.0,-3.198,0,0,1,1,0
GPT-4o,P21,2,25.0,-3.198,0,0,1,1,0
GPT-4o,P21,3,25.0,-3.198,0,0,1,1,0
GPT-4o,P21,4,25.0,-3.198,0,0,1,1,0
GPT-4o,P21,5,25.0,-3.198,0,0,1,1,0
GPT-4o,P22,1,25.0,-3.198,0,0,1,0,0
GPT-4o,P22,2,25.0,-3.198,0,0,0,0,0
GPT-4o,P22,3,25.0,-3.198,0,0,1,0,0
GPT-4o,P22,4,25.0,-3.198,0,0,1,0,0
GPT-4o,P22,5,25.0,-3.198,0,0,0,0,0
GPT-4o,P23,1,25.0,-3.198,0,0,0,0,0
GPT-4o,P23,2,25.0,-3.198,0,0,0,0,0
GPT-4o,P23,3,25.0,-3.198,0,0,1,0,0
GPT-4o,P23,4,25.0,-3.198,0,0,0,0,0
GPT-4o,P23,5,25.0,-3.198,0,0,1,0,0
GPT-4o,P24,1,15.0,-3.198,0,0,0,0,0
GPT-4o,P24,2,15.0,-3.198,0,0,1,0,0
GPT-4o,P24,3,15.0,-3.198,0,0,0,0,0
GPT-4o,P24,4,15.0,-3.198,0,0,1,0,0
GPT-4o,P24,5,15.0,-3.198,0,0,1,0,0
GPT-4o,P25,1,25.0,-3.198,0,0,1,0,0
GPT-4o,P25,2,25.0,-3.198,0,0,1,0,0
GPT-4o,P25,3,25.0,-3.198,0,0,1,0,0
GPT-4o,P25,4,25.0,-3.198,0,0,0,0,0
GPT-4o,P25,5,25.0,-3.198,0,0,1,0,0
GPT-4o,P26,1,25.0,-3.198,0,0,1,0,0
GPT-4o,P26,2,25.0,-3.198,0,0,1,0,0
GPT-4o,P26,3,25.0,-3.198,0,0,1,0,0
GPT-4o,P26,4,25.0,-3.198,0,0,1,0,0
GPT-4o,P26,5,25.0,-3.198,0,0,1,0,0
GPT-4o,P27,1,15.0,-3.198,0,0,0,0,0
GPT-4o,P27,2,15.0,-3.198,0,0,0,0,0
GPT-4o,P27,3,15.0,-3.198,0,0,0,0,0
GPT-4o,P27,4,15.0,-3.198,0,0,0,0,0
GPT-4o,P27,5,15.0,-3.198,0,0,0,0,0
Claude Sonnet 4.6,P01,1,44.0,2.208,0,0,1,0,1
Claude Sonnet 4.6,P01,2,44.0,2.208,0,0,1,0,1
Claude Sonnet 4.6,P01,3,50.0,2.208,0,0,1,0,1
Claude Sonnet 4.6,P01,4,44.0,2.208,0,0,1,0,1
Claude Sonnet 4.6,P01,5,50.0,2.208,0,0,1,0,1
Claude Sonnet 4.6,P02,1,46.0,2.208,0,0,1,1,0
Claude Sonnet 4.6,P02,2,46.0,2.208,0,0,1,0,0
Claude Sonnet 4.6,P02,3,46.0,2.208,0,0,1,1,0
Claude Sonnet 4.6,P02,4,50.0,2.208,0,0,1,0,0
Claude Sonnet 4.6,P02,5,46.0,2.208,0,0,1,0,0
Claude Sonnet 4.6,P03,1,44.0,2.208,0,0,1,1,0
Claude Sonnet 4.6,P03,2,44.0,2.208,0,0,1,1,0
Claude Sonnet 4.6,P03,3,44.0,2.208,0,0,1,1,0
Claude Sonnet 4.6,P03,4,44.0,2.208,0,0,1,1,0
Claude Sonnet 4.6,P03,5,44.0,2.208,0,0,1,1,0
Claude Sonnet 4.6,P04,1,44.0,2.208,0,0,1,1,0
Claude Sonnet 4.6,P04,2,44.0,2.208,0,0,1,1,0
Claude Sonnet 4.6,P04,3,44.0,2.208,0,0,1,1,0
Claude Sonnet 4.6,P04,4,40.0,2.208,0,0,1,1,0
Claude Sonnet 4.6,P04,5,44.0,2.208,0,0,1,1,0
Claude Sonnet 4.6,P05,1,44.0,2.208,0,0,1,1,1
Claude Sonnet 4.6,P05,2,44.0,2.208,0,0,1,1,1
Claude Sonnet 4.6,P05,3,44.0,2.208,0,0,1,1,1
Claude Sonnet 4.6,P05,4,44.0,2.208,0,0,1,1,1
Claude Sonnet 4.6,P05,5,44.0,2.208,0,0,1,1,1
Claude Sonnet 4.6,P06,1,30.0,2.208,0,0,1,1,0
Claude Sonnet 4.6,P06,2,30.0,2.208,0,0,1,1,0
Claude Sonnet 4.6,P06,3,30.0,2.208,0,0,1,1,0
Claude Sonnet 4.6,P06,4,30.0,2.208,0,0,1,1,0
Claude Sonnet 4.6,P06,5,34.0,2.208,0,0,1,1,0
Claude Sonnet 4.6,P07,1,36.0,2.208,0,0,1,1,0
Claude Sonnet 4.6,P07,2,36.0,2.208,0,0,1,1,0
Claude Sonnet 4.6,P07,3,36.0,2.208,0,0,1,1,0
Claude Sonnet 4.6,P07,4,36.0,2.208,0,0,1,1,0
Claude Sonnet 4.6,P07,5,36.0,2.208,0,0,1,1,0
Claude Sonnet 4.6,P08,1,40.0,2.208,0,0,1,0,0
Claude Sonnet 4.6,P08,2,40.0,2.208,0,0,1,1,0
Claude Sonnet 4.6,P08,3,40.0,2.208,0,0,1,1,0
Claude Sonnet 4.6,P08,4,40.0,2.208,0,0,1,0,0
Claude Sonnet 4.6,P08,5,40.0,2.208,0,0,1,1,0
Claude Sonnet 4.6,P09,1,30.0,2.208,0,0,1,0,0
Claude Sonnet 4.6,P09,2,30.0,2.208,0,0,1,1,0
Claude Sonnet 4.6,P09,3,30.0,2.208,0,0,1,0,0
Claude Sonnet 4.6,P09,4,30.0,2.208,0,0,1,0,0
Claude Sonnet 4.6,P09,5,30.0,2.208,0,0,1,1,0
Claude Sonnet 4.6,P10,1,44.0,2.208,0,0,1,0,1
Claude Sonnet 4.6,P10,2,44.0,2.208,0,0,1,1,1
Claude Sonnet 4.6,P10,3,44.0,2.208,0,0,1,0,1
Claude Sonnet 4.6,P10,4,44.0,2.208,0,0,1,1,1
Claude Sonnet 4.6,P10,5,44.0,2.208,0,0,1,0,1
Claude Sonnet 4.6,P11,1,46.0,2.208,0,0,1,0,0
Claude Sonnet 4.6,P11,2,50.0,2.208,0,0,1,0,0
Claude Sonnet 4.6,P11,3,50.0,2.208,0,0,1,0,0
Claude Sonnet 4.6,P11,4,46.0,2.208,0,0,1,0,0
Claude Sonnet 4.6,P11,5,50.0,2.208,0,0,1,0,0
Claude Sonnet 4.6,P12,1,40.0,2.208,0,0,1,0,1
Claude Sonnet 4.6,P12,2,40.0,2.208,0,0,1,0,0
Claude Sonnet 4.6,P12,3,40.0,2.208,0,0,1,0,0
Claude Sonnet 4.6,P12,4,40.0,2.208,0,0,1,0,0
Claude Sonnet 4.6,P12,5,44.0,2.208,0,0,1,1,1
Claude Sonnet 4.6,P13,1,40.0,2.208,0,0,1,1,0
Claude Sonnet 4.6,P13,2,40.0,2.208,0,0,1,1,0
Claude Sonnet 4.6,P13,3,40.0,2.208,0,0,1,1,0
Claude Sonnet 4.6,P13,4,40.0,2.208,0,1,1,1,0
Claude Sonnet 4.6,P13,5,40.0,2.208,0,0,1,1,0
Claude Sonnet 4.6,P14,1,44.0,2.208,0,0,1,1,1
Claude Sonnet 4.6,P14,2,40.0,2.208,0,0,1,1,0
Claude Sonnet 4.6,P14,3,40.0,2.208,0,0,1,1,0
Claude Sonnet 4.6,P14,4,40.0,2.208,0,0,1,1,1
Claude Sonnet 4.6,P14,5,44.0,2.208,0,0,1,1,1
Claude Sonnet 4.6,P15,1,34.0,2.208,0,0,1,1,0
Claude Sonnet 4.6,P15,2,34.0,2.208,0,0,1,1,0
Claude Sonnet 4.6,P15,3,34.0,2.208,0,0,1,1,0
Claude Sonnet 4.6,P15,4,34.0,2.208,0,0,1,1,0
Claude Sonnet 4.6,P15,5,34.0,2.208,0,0,1,1,0
Claude Sonnet 4.6,P16,1,40.0,2.208,0,0,1,0,0
Claude Sonnet 4.6,P16,2,40.0,2.208,0,0,1,0,0
Claude Sonnet 4.6,P16,3,40.0,2.208,0,0,1,0,0
Claude Sonnet 4.6,P16,4,36.0,2.208,0,0,1,0,0
Claude Sonnet 4.6,P16,5,36.0,2.208,0,0,1,0,0
Claude Sonnet 4.6,P17,1,40.0,2.208,0,0,1,1,0
Claude Sonnet 4.6,P17,2,40.0,2.208,0,0,1,0,0
Claude Sonnet 4.6,P17,3,40.0,2.208,0,0,1,0,0
Claude Sonnet 4.6,P17,4,40.0,2.208,0,0,1,1,0
Claude Sonnet 4.6,P17,5,40.0,2.208,0,0,1,0,0
Claude Sonnet 4.6,P18,1,30.0,2.208,0,0,1,0,0
Claude Sonnet 4.6,P18,2,30.0,2.208,0,0,1,0,0
Claude Sonnet 4.6,P18,3,30.0,2.208,0,0,1,0,0
Claude Sonnet 4.6,P18,4,34.0,2.208,0,0,1,0,0
Claude Sonnet 4.6,P18,5,30.0,2.208,0,0,1,0,0
Claude Sonnet 4.6,P19,1,44.0,2.208,0,0,1,1,1
Claude Sonnet 4.6,P19,2,44.0,2.208,0,0,1,1,1
Claude Sonnet 4.6,P19,3,44.0,2.208,0,0,1,1,1
Claude Sonnet 4.6,P19,4,44.0,2.208,0,0,1,0,0
Claude Sonnet 4.6,P19,5,44.0,2.208,0,0,1,1,0
Claude Sonnet 4.6,P20,1,46.0,2.208,0,0,1,0,0
Claude Sonnet 4.6,P20,2,46.0,2.208,0,0,1,0,0
Claude Sonnet 4.6,P20,3,46.0,2.208,0,0,1,0,0
Claude Sonnet 4.6,P20,4,46.0,2.208,0,0,1,0,0
Claude Sonnet 4.6,P20,5,46.0,2.208,0,0,1,0,0
Claude Sonnet 4.6,P21,1,40.0,2.208,0,0,1,1,0
Claude Sonnet 4.6,P21,2,40.0,2.208,0,0,1,0,0
Claude Sonnet 4.6,P21,3,40.0,2.208,0,0,1,1,0
Claude Sonnet 4.6,P21,4,40.0,2.208,0,0,1,1,0
Claude Sonnet 4.6,P21,5,40.0,2.208,0,0,1,1,0
Claude Sonnet 4.6,P22,1,36.0,2.208,0,0,1,1,0
Claude Sonnet 4.6,P22,2,36.0,2.208,0,0,1,0,0
Claude Sonnet 4.6,P22,3,36.0,2.208,0,0,1,0,0
Claude Sonnet 4.6,P22,4,36.0,2.208,0,0,1,0,0
Claude Sonnet 4.6,P22,5,36.0,2.208,0,0,1,0,0
Claude Sonnet 4.6,P23,1,40.0,2.208,0,0,1,0,0
Claude Sonnet 4.6,P23,2,40.0,2.208,0,0,1,0,0
Claude Sonnet 4.6,P23,3,40.0,2.208,0,0,1,1,0
Claude Sonnet 4.6,P23,4,40.0,2.208,0,0,1,1,0
Claude Sonnet 4.6,P23,5,40.0,2.208,0,0,1,0,0
Claude Sonnet 4.6,P24,1,30.0,2.208,0,0,1,0,0
Claude Sonnet 4.6,P24,2,30.0,2.208,0,0,1,1,0
Claude Sonnet 4.6,P24,3,30.0,2.208,0,0,1,1,0
Claude Sonnet 4.6,P24,4,30.0,2.208,0,0,1,0,0
Claude Sonnet 4.6,P24,5,30.0,2.208,0,0,1,1,0
Claude Sonnet 4.6,P25,1,30.0,2.208,0,0,1,0,0
Claude Sonnet 4.6,P25,2,36.0,2.208,0,0,1,0,0
Claude Sonnet 4.6,P25,3,30.0,2.208,0,0,1,0,0
Claude Sonnet 4.6,P25,4,36.0,2.208,0,0,1,0,0
Claude Sonnet 4.6,P25,5,36.0,2.208,0,0,1,0,0
Claude Sonnet 4.6,P26,1,34.0,2.208,0,0,1,0,0
Claude Sonnet 4.6,P26,2,34.0,2.208,0,0,1,0,0
Claude Sonnet 4.6,P26,3,34.0,2.208,0,0,1,0,0
Claude Sonnet 4.6,P26,4,34.0,2.208,0,0,1,0,0
Claude Sonnet 4.6,P26,5,40.0,2.208,0,0,1,0,0
Claude Sonnet 4.6,P27,1,30.0,2.208,0,0,1,0,0
Claude Sonnet 4.6,P27,2,30.0,2.208,0,0,1,0,0
Claude Sonnet 4.6,P27,3,30.0,2.208,0,0,1,0,0
Claude Sonnet 4.6,P27,4,30.0,2.208,0,0,1,0,0
Claude Sonnet 4.6,P27,5,30.0,2.208,0,0,1,0,0
Llama 3.1 70B Instruct,P01,1,40.0,3.508,0,0,0,0,0
Llama 3.1 70B Instruct,P01,2,40.0,3.508,0,0,0,0,0
Llama 3.1 70B Instruct,P01,3,40.0,3.508,0,0,0,0,0
Llama 3.1 70B Instruct,P01,4,40.0,3.508,0,0,0,0,0
Llama 3.1 70B Instruct,P01,5,40.0,3.508,0,0,0,0,0
Llama 3.1 70B Instruct,P02,1,40.0,3.508,0,0,0,0,0
Llama 3.1 70B Instruct,P02,2,40.0,3.508,0,0,1,1,0
Llama 3.1 70B Instruct,P02,3,40.0,3.508,0,0,0,0,0
Llama 3.1 70B Instruct,P02,4,40.0,3.508,0,0,0,0,0
Llama 3.1 70B Instruct,P02,5,40.0,3.508,0,0,1,0,0
Llama 3.1 70B Instruct,P03,1,40.0,3.508,0,0,0,0,0
Llama 3.1 70B Instruct,P03,2,40.0,3.508,0,0,1,0,0
Llama 3.1 70B Instruct,P03,3,40.0,3.508,0,0,1,0,0
Llama 3.1 70B Instruct,P03,4,40.0,3.508,0,0,0,0,0
Llama 3.1 70B Instruct,P03,5,40.0,3.508,0,0,1,0,0
Llama 3.1 70B Instruct,P04,1,40.0,3.508,0,0,0,0,0
Llama 3.1 70B Instruct,P04,2,40.0,3.508,0,0,0,0,0
Llama 3.1 70B Instruct,P04,3,40.0,3.508,0,0,0,0,0
Llama 3.1 70B Instruct,P04,4,40.0,3.508,0,0,0,0,0
Llama 3.1 70B Instruct,P04,5,40.0,3.508,0,0,0,1,0
Llama 3.1 70B Instruct,P05,1,40.0,3.508,0,0,0,0,0
Llama 3.1 70B Instruct,P05,2,40.0,3.508,0,0,0,0,0
Llama 3.1 70B Instruct,P05,3,40.0,3.508,0,0,0,0,0
Llama 3.1 70B Instruct,P05,4,40.0,3.508,0,0,0,0,0
Llama 3.1 70B Instruct,P05,5,40.0,3.508,0,0,0,0,0
Llama 3.1 70B Instruct,P06,1,40.0,3.508,0,0,0,0,0
Llama 3.1 70B Instruct,P06,2,20.0,3.508,0,0,0,1,0
Llama 3.1 70B Instruct,P06,3,40.0,3.508,0,0,0,0,0
Llama 3.1 70B Instruct,P06,4,40.0,3.508,0,0,0,0,0
Llama 3.1 70B Instruct,P06,5,40.0,3.508,0,0,0,0,0
Llama 3.1 70B Instruct,P07,1,40.0,3.508,0,0,0,0,0
Llama 3.1 70B Instruct,P07,2,40.0,3.508,0,0,0,0,0
Llama 3.1 70B Instruct,P07,3,40.0,3.508,0,0,0,0,0
Llama 3.1 70B Instruct,P07,4,40.0,3.508,0,0,0,0,0
Llama 3.1 70B Instruct,P07,5,40.0,3.508,0,0,0,0,0
Llama 3.1 70B Instruct,P08,1,40.0,3.508,0,0,1,0,0
Llama 3.1 70B Instruct,P08,2,40.0,3.508,0,0,0,0,0
Llama 3.1 70B Instruct,P08,3,40.0,3.508,0,0,0,1,0
Llama 3.1 70B Instruct,P08,4,40.0,3.508,0,0,0,1,0
Llama 3.1 70B Instruct,P08,5,40.0,3.508,0,0,0,1,0
Llama 3.1 70B Instruct,P09,1,20.0,3.508,0,0,0,0,0
Llama 3.1 70B Instruct,P09,2,20.0,3.508,0,0,0,0,0
Llama 3.1 70B Instruct,P09,3,20.0,3.508,0,0,0,0,0
Llama 3.1 70B Instruct,P09,4,20.0,3.508,0,0,0,0,0
Llama 3.1 70B Instruct,P09,5,20.0,3.508,0,0,0,0,0
Llama 3.1 70B Instruct,P10,1,40.0,3.508,0,0,0,0,0
Llama 3.1 70B Instruct,P10,2,40.0,3.508,0,0,0,0,0
Llama 3.1 70B Instruct,P10,3,40.0,3.508,0,0,0,0,0
Llama 3.1 70B Instruct,P10,4,40.0,3.508,0,0,0,0,0
Llama 3.1 70B Instruct,P10,5,40.0,3.508,0,0,0,0,0
Llama 3.1 70B Instruct,P11,1,40.0,3.508,0,0,0,0,0
Llama 3.1 70B Instruct,P11,2,40.0,3.508,0,0,0,0,0
Llama 3.1 70B Instruct,P11,3,40.0,3.508,0,0,0,0,0
Llama 3.1 70B Instruct,P11,4,40.0,3.508,0,0,0,0,0
Llama 3.1 70B Instruct,P11,5,40.0,3.508,0,0,0,0,0
Llama 3.1 70B Instruct,P12,1,40.0,3.508,0,0,0,0,0
Llama 3.1 70B Instruct,P12,2,40.0,3.508,0,0,0,0,0
Llama 3.1 70B Instruct,P12,3,40.0,3.508,0,0,0,0,0
Llama 3.1 70B Instruct,P12,4,40.0,3.508,0,0,0,0,0
Llama 3.1 70B Instruct,P12,5,40.0,3.508,0,0,0,0,0
Llama 3.1 70B Instruct,P13,1,40.0,3.508,0,0,0,0,0
Llama 3.1 70B Instruct,P13,2,40.0,3.508,0,0,0,0,0
Llama 3.1 70B Instruct,P13,3,40.0,3.508,0,0,1,0,0
Llama 3.1 70B Instruct,P13,4,40.0,3.508,0,0,0,0,0
Llama 3.1 70B Instruct,P13,5,40.0,3.508,0,0,0,0,0
Llama 3.1 70B Instruct,P14,1,40.0,3.508,0,0,0,0,0
Llama 3.1 70B Instruct,P14,2,40.0,3.508,0,0,0,0,0
Llama 3.1 70B Instruct,P14,3,40.0,3.508,0,0,0,0,0
Llama 3.1 70B Instruct,P14,4,40.0,3.508,0,0,0,0,0
Llama 3.1 70B Instruct,P14,5,40.0,3.508,0,0,0,0,0
Llama 3.1 70B Instruct,P15,1,20.0,3.508,0,0,0,0,0
Llama 3.1 70B Instruct,P15,2,20.0,3.508,0,0,0,0,0
Llama 3.1 70B Instruct,P15,3,20.0,3.508,0,0,0,0,0
Llama 3.1 70B Instruct,P15,4,20.0,3.508,0,0,0,0,0
Llama 3.1 70B Instruct,P15,5,20.0,3.508,0,0,0,0,0
Llama 3.1 70B Instruct,P16,1,20.0,3.508,0,0,0,0,0
Llama 3.1 70B Instruct,P16,2,20.0,3.508,0,0,0,0,0
Llama 3.1 70B Instruct,P16,3,20.0,3.508,0,0,0,0,0
Llama 3.1 70B Instruct,P16,4,20.0,3.508,0,0,0,0,0
Llama 3.1 70B Instruct,P16,5,20.0,3.508,0,0,0,0,0
Llama 3.1 70B Instruct,P17,1,20.0,3.508,0,0,1,0,0
Llama 3.1 70B Instruct,P17,2,20.0,3.508,0,0,0,0,0
Llama 3.1 70B Instruct,P17,3,20.0,3.508,0,0,0,0,0
Llama 3.1 70B Instruct,P17,4,20.0,3.508,0,0,1,0,0
Llama 3.1 70B Instruct,P17,5,20.0,3.508,0,0,1,0,0
Llama 3.1 70B Instruct,P18,1,20.0,3.508,0,0,1,0,0
Llama 3.1 70B Instruct,P18,2,20.0,3.508,0,0,1,0,0
Llama 3.1 70B Instruct,P18,3,20.0,3.508,0,0,0,0,0
Llama 3.1 70B Instruct,P18,4,20.0,3.508,0,0,1,0,0
Llama 3.1 70B Instruct,P18,5,20.0,3.508,0,0,1,0,0
Llama 3.1 70B Instruct,P19,1,40.0,3.508,0,0,0,0,0
Llama 3.1 70B Instruct,P19,2,40.0,3.508,0,0,0,0,0
Llama 3.1 70B Instruct,P19,3,40.0,3.508,0,0,0,0,0
Llama 3.1 70B Instruct,P19,4,40.0,3.508,0,0,0,0,0
Llama 3.1 70B Instruct,P19,5,40.0,3.508,0,0,0,0,0
Llama 3.1 70B Instruct,P20,1,50.0,3.508,0,0,0,0,0
Llama 3.1 70B Instruct,P20,2,50.0,3.508,0,0,0,0,0
Llama 3.1 70B Instruct,P20,3,40.0,3.508,0,0,0,0,0
Llama 3.1 70B Instruct,P20,4,40.0,3.508,0,0,0,0,0
Llama 3.1 70B Instruct,P20,5,50.0,3.508,0,0,0,0,0
Llama 3.1 70B Instruct,P21,1,50.0,3.508,0,0,0,0,0
Llama 3.1 70B Instruct,P21,2,40.0,3.508,0,0,0,0,0
Llama 3.1 70B Instruct,P21,3,40.0,3.508,0,0,0,0,0
Llama 3.1 70B Instruct,P21,4,50.0,3.508,0,0,0,0,0
Llama 3.1 70B Instruct,P21,5,40.0,3.508,0,0,0,0,0
Llama 3.1 70B Instruct,P22,1,20.0,3.508,0,0,0,0,0
Llama 3.1 70B Instruct,P22,2,20.0,3.508,0,0,0,0,0
Llama 3.1 70B Instruct,P22,3,20.0,3.508,0,0,0,0,0
Llama 3.1 70B Instruct,P22,4,20.0,3.508,0,0,0,0,0
Llama 3.1 70B Instruct,P22,5,20.0,3.508,0,0,0,0,0
Llama 3.1 70B Instruct,P23,1,20.0,3.508,0,0,1,0,0
Llama 3.1 70B Instruct,P23,2,20.0,3.508,0,0,0,0,0
Llama 3.1 70B Instruct,P23,3,20.0,3.508,0,0,1,0,0
Llama 3.1 70B Instruct,P23,4,20.0,3.508,0,0,0,0,0
Llama 3.1 70B Instruct,P23,5,20.0,3.508,0,0,1,0,0
Llama 3.1 70B Instruct,P24,1,20.0,3.508,0,0,0,0,0
Llama 3.1 70B Instruct,P24,2,20.0,3.508,0,0,0,0,0
Llama 3.1 70B Instruct,P24,3,20.0,3.508,0,0,1,0,0
Llama 3.1 70B Instruct,P24,4,20.0,3.508,0,0,0,0,0
Llama 3.1 70B Instruct,P24,5,20.0,3.508,0,0,0,0,0
Llama 3.1 70B Instruct,P25,1,20.0,3.508,0,0,1,0,0
Llama 3.1 70B Instruct,P25,2,20.0,3.508,0,0,1,0,0
Llama 3.1 70B Instruct,P25,3,20.0,3.508,0,0,0,0,0
Llama 3.1 70B Instruct,P25,4,20.0,3.508,0,0,1,0,0
Llama 3.1 70B Instruct,P25,5,20.0,3.508,0,0,1,0,0
Llama 3.1 70B Instruct,P26,1,30.0,3.508,0,0,1,0,0
Llama 3.1 70B Instruct,P26,2,30.0,3.508,0,0,1,0,0
Llama 3.1 70B Instruct,P26,3,30.0,3.508,0,0,1,0,0
Llama 3.1 70B Instruct,P26,4,30.0,3.508,0,0,0,0,0
Llama 3.1 70B Instruct,P26,5,30.0,3.508,0,0,1,0,0
Llama 3.1 70B Instruct,P27,1,30.0,3.508,0,0,1,0,0
Llama 3.1 70B Instruct,P27,2,30.0,3.508,0,0,1,0,0
Llama 3.1 70B Instruct,P27,3,30.0,3.508,0,0,1,0,0
Llama 3.1 70B Instruct,P27,4,30.0,3.508,0,0,1,0,0
Llama 3.1 70B Instruct,P27,5,30.0,3.508,0,0,1,0,0
DeepSeek-V3.2,P01,1,55.0,-2.287,0,0,0,1,0
DeepSeek-V3.2,P01,2,55.0,-2.287,0,0,0,1,0
DeepSeek-V3.2,P01,3,50.0,-2.287,0,0,0,1,0
DeepSeek-V3.2,P01,4,55.0,-2.287,0,0,0,1,0
DeepSeek-V3.2,P01,5,55.0,-2.287,0,0,0,1,0
DeepSeek-V3.2,P02,1,55.0,-2.287,0,0,0,1,0
DeepSeek-V3.2,P02,2,55.0,-2.287,0,0,0,1,0
DeepSeek-V3.2,P02,3,55.0,-2.287,0,0,0,1,0
DeepSeek-V3.2,P02,4,55.0,-2.287,0,0,0,1,0
DeepSeek-V3.2,P02,5,55.0,-2.287,0,0,0,0,0
DeepSeek-V3.2,P03,1,55.0,-2.287,0,0,0,1,0
DeepSeek-V3.2,P03,2,55.0,-2.287,0,0,0,0,0
DeepSeek-V3.2,P03,3,55.0,-2.287,0,0,0,0,0
DeepSeek-V3.2,P03,4,55.0,-2.287,0,0,0,1,0
DeepSeek-V3.2,P03,5,55.0,-2.287,0,0,0,1,0
DeepSeek-V3.2,P04,1,45.0,-2.287,0,0,0,1,0
DeepSeek-V3.2,P04,2,50.0,-2.287,0,0,0,1,0
DeepSeek-V3.2,P04,3,45.0,-2.287,0,0,0,1,0
DeepSeek-V3.2,P04,4,45.0,-2.287,0,0,0,1,0
DeepSeek-V3.2,P04,5,45.0,-2.287,0,0,0,1,0
DeepSeek-V3.2,P05,1,50.0,-2.287,0,0,0,1,0
DeepSeek-V3.2,P05,2,55.0,-2.287,0,0,0,1,0
DeepSeek-V3.2,P05,3,50.0,-2.287,0,0,0,1,0
DeepSeek-V3.2,P05,4,50.0,-2.287,0,0,0,1,0
DeepSeek-V3.2,P05,5,50.0,-2.287,0,0,0,1,0
DeepSeek-V3.2,P06,1,45.0,-2.287,0,0,0,1,0
DeepSeek-V3.2,P06,2,45.0,-2.287,0,0,0,1,0
DeepSeek-V3.2,P06,3,45.0,-2.287,0,0,0,1,0
DeepSeek-V3.2,P06,4,45.0,-2.287,0,0,0,1,0
DeepSeek-V3.2,P06,5,45.0,-2.287,0,0,0,1,0
DeepSeek-V3.2,P07,1,45.0,-2.287,0,0,0,1,0
DeepSeek-V3.2,P07,2,45.0,-2.287,0,0,0,1,0
DeepSeek-V3.2,P07,3,45.0,-2.287,0,0,0,1,0
DeepSeek-V3.2,P07,4,45.0,-2.287,0,0,0,1,0
DeepSeek-V3.2,P07,5,45.0,-2.287,0,0,0,1,0
DeepSeek-V3.2,P08,1,50.0,-2.287,0,0,0,1,0
DeepSeek-V3.2,P08,2,55.0,-2.287,0,0,0,0,0
DeepSeek-V3.2,P08,3,50.0,-2.287,0,0,0,0,0
DeepSeek-V3.2,P08,4,50.0,-2.287,0,0,0,1,0
DeepSeek-V3.2,P08,5,55.0,-2.287,0,0,0,1,0
DeepSeek-V3.2,P09,1,45.0,-2.287,0,0,0,1,0
DeepSeek-V3.2,P09,2,45.0,-2.287,0,0,0,1,0
DeepSeek-V3.2,P09,3,45.0,-2.287,0,0,0,1,0
DeepSeek-V3.2,P09,4,45.0,-2.287,0,0,0,1,0
DeepSeek-V3.2,P09,5,45.0,-2.287,0,0,0,1,0
DeepSeek-V3.2,P10,1,55.0,-2.287,0,0,0,1,0
DeepSeek-V3.2,P10,2,55.0,-2.287,0,0,0,1,0
DeepSeek-V3.2,P10,3,55.0,-2.287,0,0,0,1,0
DeepSeek-V3.2,P10,4,55.0,-2.287,0,0,0,1,0
DeepSeek-V3.2,P10,5,55.0,-2.287,0,0,0,1,0
DeepSeek-V3.2,P11,1,50.0,-2.287,0,0,0,0,0
DeepSeek-V3.2,P11,2,50.0,-2.287,0,0,0,0,0
DeepSeek-V3.2,P11,3,50.0,-2.287,0,0,0,0,0
DeepSeek-V3.2,P11,4,50.0,-2.287,0,0,0,1,0
DeepSeek-V3.2,P11,5,50.0,-2.287,0,0,0,0,0
DeepSeek-V3.2,P12,1,55.0,-2.287,0,0,0,1,0
DeepSeek-V3.2,P12,2,55.0,-2.287,0,0,0,1,0
DeepSeek-V3.2,P12,3,45.0,-2.287,0,0,0,1,0
DeepSeek-V3.2,P12,4,65.0,-2.287,0,0,0,1,0
DeepSeek-V3.2,P12,5,55.0,-2.287,0,0,0,1,0
DeepSeek-V3.2,P13,1,45.0,-2.287,0,0,0,1,0
DeepSeek-V3.2,P13,2,45.0,-2.287,0,0,0,1,0
DeepSeek-V3.2,P13,3,45.0,-2.287,0,0,0,1,0
DeepSeek-V3.2,P13,4,45.0,-2.287,0,0,0,1,0
DeepSeek-V3.2,P13,5,45.0,-2.287,0,0,0,1,0
DeepSeek-V3.2,P14,1,50.0,-2.287,0,0,0,1,0
DeepSeek-V3.2,P14,2,50.0,-2.287,0,0,0,1,0
DeepSeek-V3.2,P14,3,45.0,-2.287,0,0,0,1,0
DeepSeek-V3.2,P14,4,50.0,-2.287,0,0,0,1,0
DeepSeek-V3.2,P14,5,50.0,-2.287,0,0,0,1,0
DeepSeek-V3.2,P15,1,40.0,-2.287,0,0,0,1,0
DeepSeek-V3.2,P15,2,40.0,-2.287,0,0,0,1,0
DeepSeek-V3.2,P15,3,40.0,-2.287,0,0,0,1,0
DeepSeek-V3.2,P15,4,40.0,-2.287,0,0,0,1,0
DeepSeek-V3.2,P15,5,40.0,-2.287,0,0,0,1,0
DeepSeek-V3.2,P16,1,45.0,-2.287,0,0,0,0,0
DeepSeek-V3.2,P16,2,45.0,-2.287,0,0,0,0,0
DeepSeek-V3.2,P16,3,45.0,-2.287,0,0,0,0,0
DeepSeek-V3.2,P16,4,45.0,-2.287,0,0,0,0,0
DeepSeek-V3.2,P16,5,45.0,-2.287,0,0,0,0,0
DeepSeek-V3.2,P17,1,45.0,-2.287,0,0,0,0,0
DeepSeek-V3.2,P17,2,45.0,-2.287,0,0,0,0,0
DeepSeek-V3.2,P17,3,45.0,-2.287,0,0,0,0,0
DeepSeek-V3.2,P17,4,45.0,-2.287,0,0,0,0,0
DeepSeek-V3.2,P17,5,45.0,-2.287,0,0,0,0,0
DeepSeek-V3.2,P18,1,55.0,-2.287,0,0,0,1,0
DeepSeek-V3.2,P18,2,45.0,-2.287,0,0,0,0,0
DeepSeek-V3.2,P18,3,55.0,-2.287,0,0,0,0,0
DeepSeek-V3.2,P18,4,55.0,-2.287,0,0,0,0,0
DeepSeek-V3.2,P18,5,55.0,-2.287,0,0,0,0,0
DeepSeek-V3.2,P19,1,55.0,-2.287,0,0,0,1,0
DeepSeek-V3.2,P19,2,55.0,-2.287,0,0,0,1,0
DeepSeek-V3.2,P19,3,55.0,-2.287,0,0,0,1,0
DeepSeek-V3.2,P19,4,45.0,-2.287,0,0,0,1,0
DeepSeek-V3.2,P19,5,55.0,-2.287,0,0,0,1,0
DeepSeek-V3.2,P20,1,50.0,-2.287,0,0,0,1,0
DeepSeek-V3.2,P20,2,50.0,-2.287,0,0,0,1,0
DeepSeek-V3.2,P20,3,60.0,-2.287,0,0,0,1,0
DeepSeek-V3.2,P20,4,45.0,-2.287,0,0,0,1,0
DeepSeek-V3.2,P20,5,60.0,-2.287,0,0,0,1,0
DeepSeek-V3.2,P21,1,65.0,-2.287,0,0,0,1,0
DeepSeek-V3.2,P21,2,45.0,-2.287,0,0,0,1,0
DeepSeek-V3.2,P21,3,45.0,-2.287,0,0,0,1,0
DeepSeek-V3.2,P21,4,45.0,-2.287,0,0,0,1,0
DeepSeek-V3.2,P21,5,45.0,-2.287,0,0,0,1,0
DeepSeek-V3.2,P22,1,45.0,-2.287,0,0,0,1,0
DeepSeek-V3.2,P22,2,45.0,-2.287,0,0,0,1,0
DeepSeek-V3.2,P22,3,45.0,-2.287,0,0,0,1,0
DeepSeek-V3.2,P22,4,45.0,-2.287,0,0,0,1,0
DeepSeek-V3.2,P22,5,45.0,-2.287,0,0,0,1,0
DeepSeek-V3.2,P23,1,55.0,-2.287,0,0,0,1,0
DeepSeek-V3.2,P23,2,55.0,-2.287,0,0,0,1,0
DeepSeek-V3.2,P23,3,55.0,-2.287,0,0,0,1,0
DeepSeek-V3.2,P23,4,45.0,-2.287,0,0,0,1,0
DeepSeek-V3.2,P23,5,45.0,-2.287,0,0,0,1,0
DeepSeek-V3.2,P24,1,45.0,-2.287,0,0,0,1,0
DeepSeek-V3.2,P24,2,45.0,-2.287,0,0,0,1,0
DeepSeek-V3.2,P24,3,45.0,-2.287,0,0,0,1,0
DeepSeek-V3.2,P24,4,45.0,-2.287,0,0,0,1,0
DeepSeek-V3.2,P24,5,45.0,-2.287,0,0,0,1,0
DeepSeek-V3.2,P25,1,45.0,-2.287,0,0,0,1,0
DeepSeek-V3.2,P25,2,45.0,-2.287,0,0,0,0,0
DeepSeek-V3.2,P25,3,45.0,-2.287,0,0,0,0,0
DeepSeek-V3.2,P25,4,45.0,-2.287,0,0,0,1,0
DeepSeek-V3.2,P25,5,45.0,-2.287,0,0,0,1,0
DeepSeek-V3.2,P26,1,45.0,-2.287,0,0,0,0,0
DeepSeek-V3.2,P26,2,45.0,-2.287,0,0,0,0,0
DeepSeek-V3.2,P26,3,45.0,-2.287,0,0,0,0,0
DeepSeek-V3.2,P26,4,45.0,-2.287,0,0,0,0,0
DeepSeek-V3.2,P26,5,45.0,-2.287,0,0,0,0,0
DeepSeek-V3.2,P27,1,55.0,-2.287,0,0,0,0,0
DeepSeek-V3.2,P27,2,55.0,-2.287,0,0,0,0,0
DeepSeek-V3.2,P27,3,55.0,-2.287,0,0,0,0,0
DeepSeek-V3.2,P27,4,55.0,-2.287,0,0,0,0,0
DeepSeek-V3.2,P27,5,55.0,-2.287,0,0,0,0,0
Qwen3.6-72B Instruct,P01,1,35.0,1.511,0,0,1,0,0
Qwen3.6-72B Instruct,P01,2,45.0,1.511,0,0,1,1,0
Qwen3.6-72B Instruct,P01,3,40.0,1.511,0,0,1,0,0
Qwen3.6-72B Instruct,P01,4,35.0,1.511,0,0,1,1,0
Qwen3.6-72B Instruct,P01,5,35.0,1.511,0,0,1,0,0
Qwen3.6-72B Instruct,P02,1,45.0,1.511,0,0,1,1,0
Qwen3.6-72B Instruct,P02,2,45.0,1.511,0,0,0,0,0
Qwen3.6-72B Instruct,P02,3,35.0,1.511,0,0,0,0,0
Qwen3.6-72B Instruct,P02,4,35.0,1.511,0,0,1,1,0
Qwen3.6-72B Instruct,P02,5,35.0,1.511,0,0,0,0,0
Qwen3.6-72B Instruct,P03,1,35.0,1.511,0,0,0,1,0
Qwen3.6-72B Instruct,P03,2,35.0,1.511,0,0,1,1,0
Qwen3.6-72B Instruct,P03,3,40.0,1.511,0,0,1,1,0
Qwen3.6-72B Instruct,P03,4,45.0,1.511,0,0,1,1,0
Qwen3.6-72B Instruct,P03,5,35.0,1.511,0,0,1,0,0
Qwen3.6-72B Instruct,P04,1,35.0,1.511,0,0,1,0,0
Qwen3.6-72B Instruct,P04,2,25.0,1.511,0,0,1,0,0
Qwen3.6-72B Instruct,P04,3,35.0,1.511,0,0,0,0,0
Qwen3.6-72B Instruct,P04,4,35.0,1.511,0,0,1,0,0
Qwen3.6-72B Instruct,P04,5,35.0,1.511,0,0,1,1,0
Qwen3.6-72B Instruct,P05,1,35.0,1.511,0,0,0,0,0
Qwen3.6-72B Instruct,P05,2,35.0,1.511,0,0,0,0,0
Qwen3.6-72B Instruct,P05,3,35.0,1.511,0,0,1,1,0
Qwen3.6-72B Instruct,P05,4,45.0,1.511,0,0,1,0,0
Qwen3.6-72B Instruct,P05,5,45.0,1.511,0,0,1,1,0
Qwen3.6-72B Instruct,P06,1,35.0,1.511,0,0,1,1,0
Qwen3.6-72B Instruct,P06,2,35.0,1.511,0,0,1,0,0
Qwen3.6-72B Instruct,P06,3,35.0,1.511,0,0,1,0,0
Qwen3.6-72B Instruct,P06,4,35.0,1.511,0,0,1,1,0
Qwen3.6-72B Instruct,P06,5,25.0,1.511,0,0,1,0,0
Qwen3.6-72B Instruct,P07,1,35.0,1.511,0,0,0,0,0
Qwen3.6-72B Instruct,P07,2,35.0,1.511,0,0,1,1,0
Qwen3.6-72B Instruct,P07,3,35.0,1.511,0,0,1,0,0
Qwen3.6-72B Instruct,P07,4,35.0,1.511,0,0,1,0,0
Qwen3.6-72B Instruct,P07,5,35.0,1.511,0,0,1,0,0
Qwen3.6-72B Instruct,P08,1,45.0,1.511,0,0,1,0,0
Qwen3.6-72B Instruct,P08,2,45.0,1.511,0,0,1,1,0
Qwen3.6-72B Instruct,P08,3,45.0,1.511,0,0,1,1,0
Qwen3.6-72B Instruct,P08,4,45.0,1.511,0,0,1,0,0
Qwen3.6-72B Instruct,P08,5,45.0,1.511,0,0,1,0,0
Qwen3.6-72B Instruct,P09,1,25.0,1.511,0,0,1,0,0
Qwen3.6-72B Instruct,P09,2,45.0,1.511,0,0,1,0,0
Qwen3.6-72B Instruct,P09,3,15.0,1.511,0,0,1,1,0
Qwen3.6-72B Instruct,P09,4,35.0,1.511,0,0,1,0,0
Qwen3.6-72B Instruct,P09,5,25.0,1.511,0,0,1,0,0
Qwen3.6-72B Instruct,P10,1,20.0,1.511,0,0,1,0,0
Qwen3.6-72B Instruct,P10,2,35.0,1.511,0,0,0,1,0
Qwen3.6-72B Instruct,P10,3,35.0,1.511,0,0,1,1,0
Qwen3.6-72B Instruct,P10,4,35.0,1.511,0,0,0,0,0
Qwen3.6-72B Instruct,P10,5,35.0,1.511,0,0,1,0,0
Qwen3.6-72B Instruct,P11,1,45.0,1.511,0,0,0,0,0
Qwen3.6-72B Instruct,P11,2,45.0,1.511,0,0,1,0,0
Qwen3.6-72B Instruct,P11,3,35.0,1.511,0,0,1,1,0
Qwen3.6-72B Instruct,P11,4,45.0,1.511,0,0,0,0,0
Qwen3.6-72B Instruct,P11,5,45.0,1.511,0,0,1,1,0
Qwen3.6-72B Instruct,P12,1,45.0,1.511,0,0,1,0,0
Qwen3.6-72B Instruct,P12,2,35.0,1.511,0,0,1,1,0
Qwen3.6-72B Instruct,P12,3,45.0,1.511,0,0,1,0,0
Qwen3.6-72B Instruct,P12,4,45.0,1.511,0,0,0,0,0
Qwen3.6-72B Instruct,P12,5,35.0,1.511,0,0,0,0,0
Qwen3.6-72B Instruct,P13,1,35.0,1.511,0,0,1,0,0
Qwen3.6-72B Instruct,P13,2,25.0,1.511,0,0,1,0,0
Qwen3.6-72B Instruct,P13,3,35.0,1.511,0,0,1,0,0
Qwen3.6-72B Instruct,P13,4,35.0,1.511,0,0,1,1,0
Qwen3.6-72B Instruct,P13,5,25.0,1.511,0,0,1,0,0
Qwen3.6-72B Instruct,P14,1,45.0,1.511,0,0,1,0,0
Qwen3.6-72B Instruct,P14,2,45.0,1.511,0,0,1,0,0
Qwen3.6-72B Instruct,P14,3,45.0,1.511,0,0,0,0,0
Qwen3.6-72B Instruct,P14,4,45.0,1.511,0,0,0,1,0
Qwen3.6-72B Instruct,P14,5,45.0,1.511,0,0,1,0,0
Qwen3.6-72B Instruct,P15,1,40.0,1.511,0,0,1,1,0
Qwen3.6-72B Instruct,P15,2,15.0,1.511,0,0,1,0,0
Qwen3.6-72B Instruct,P15,3,25.0,1.511,0,0,1,0,0
Qwen3.6-72B Instruct,P15,4,25.0,1.511,0,0,1,0,0
Qwen3.6-72B Instruct,P15,5,25.0,1.511,0,0,1,1,0
Qwen3.6-72B Instruct,P16,1,25.0,1.511,0,0,1,0,0
Qwen3.6-72B Instruct,P16,2,25.0,1.511,0,0,1,0,0
Qwen3.6-72B Instruct,P16,3,35.0,1.511,0,0,1,0,0
Qwen3.6-72B Instruct,P16,4,25.0,1.511,0,0,1,0,0
Qwen3.6-72B Instruct,P16,5,25.0,1.511,0,0,1,0,0
Qwen3.6-72B Instruct,P17,1,35.0,1.511,0,0,1,0,0
Qwen3.6-72B Instruct,P17,2,40.0,1.511,0,0,0,0,0
Qwen3.6-72B Instruct,P17,3,45.0,1.511,0,0,1,0,0
Qwen3.6-72B Instruct,P17,4,35.0,1.511,0,0,1,0,0
Qwen3.6-72B Instruct,P17,5,45.0,1.511,0,0,0,0,0
Qwen3.6-72B Instruct,P18,1,25.0,1.511,0,0,1,1,0
Qwen3.6-72B Instruct,P18,2,40.0,1.511,0,0,1,0,0
Qwen3.6-72B Instruct,P18,3,25.0,1.511,0,0,1,0,0
Qwen3.6-72B Instruct,P18,4,25.0,1.511,0,0,0,0,0
Qwen3.6-72B Instruct,P18,5,45.0,1.511,0,0,1,0,0
Qwen3.6-72B Instruct,P19,1,35.0,1.511,0,0,0,0,0
Qwen3.6-72B Instruct,P19,2,30.0,1.511,0,0,1,0,0
Qwen3.6-72B Instruct,P19,3,35.0,1.511,0,0,1,0,0
Qwen3.6-72B Instruct,P19,4,35.0,1.511,0,0,0,1,0
Qwen3.6-72B Instruct,P19,5,35.0,1.511,0,0,1,0,0
Qwen3.6-72B Instruct,P20,1,45.0,1.511,0,0,1,0,0
Qwen3.6-72B Instruct,P20,2,45.0,1.511,0,0,0,0,0
Qwen3.6-72B Instruct,P20,3,45.0,1.511,0,0,0,0,0
Qwen3.6-72B Instruct,P20,4,45.0,1.511,0,0,0,0,0
Qwen3.6-72B Instruct,P20,5,45.0,1.511,0,0,0,0,0
Qwen3.6-72B Instruct,P21,1,35.0,1.511,0,0,1,1,0
Qwen3.6-72B Instruct,P21,2,45.0,1.511,0,0,1,0,0
Qwen3.6-72B Instruct,P21,3,35.0,1.511,0,0,1,1,0
Qwen3.6-72B Instruct,P21,4,45.0,1.511,0,0,0,0,0
Qwen3.6-72B Instruct,P21,5,45.0,1.511,0,0,0,0,0
Qwen3.6-72B Instruct,P22,1,25.0,1.511,0,0,1,0,0
Qwen3.6-72B Instruct,P22,2,25.0,1.511,0,0,1,0,0
Qwen3.6-72B Instruct,P22,3,15.0,1.511,0,0,1,0,0
Qwen3.6-72B Instruct,P22,4,25.0,1.511,0,0,1,0,0
Qwen3.6-72B Instruct,P22,5,25.0,1.511,0,0,1,0,0
Qwen3.6-72B Instruct,P23,1,35.0,1.511,0,0,0,0,0
Qwen3.6-72B Instruct,P23,2,45.0,1.511,0,0,0,0,0
Qwen3.6-72B Instruct,P23,3,45.0,1.511,0,0,1,0,0
Qwen3.6-72B Instruct,P23,4,45.0,1.511,0,0,1,1,0
Qwen3.6-72B Instruct,P23,5,35.0,1.511,0,0,0,0,0
Qwen3.6-72B Instruct,P24,1,25.0,1.511,0,0,1,0,0
Qwen3.6-72B Instruct,P24,2,25.0,1.511,0,0,1,0,0
Qwen3.6-72B Instruct,P24,3,15.0,1.511,0,0,1,0,0
Qwen3.6-72B Instruct,P24,4,35.0,1.511,0,0,1,0,0
Qwen3.6-72B Instruct,P24,5,25.0,1.511,0,0,1,1,0
Qwen3.6-72B Instruct,P25,1,15.0,1.511,0,0,0,0,0
Qwen3.6-72B Instruct,P25,2,25.0,1.511,0,0,1,0,0
Qwen3.6-72B Instruct,P25,3,25.0,1.511,0,0,1,1,0
Qwen3.6-72B Instruct,P25,4,25.0,1.511,0,0,1,0,0
Qwen3.6-72B Instruct,P25,5,10.0,1.511,0,0,1,0,0
Qwen3.6-72B Instruct,P26,1,45.0,1.511,0,0,0,0,0
Qwen3.6-72B Instruct,P26,2,25.0,1.511,0,0,1,0,0
Qwen3.6-72B Instruct,P26,3,45.0,1.511,0,0,1,1,0
Qwen3.6-72B Instruct,P26,4,45.0,1.511,0,0,1,0,0
Qwen3.6-72B Instruct,P26,5,35.0,1.511,0,0,1,0,0
Qwen3.6-72B Instruct,P27,1,25.0,1.511,0,0,1,0,0
Qwen3.6-72B Instruct,P27,2,25.0,1.511,0,0,0,1,0
Qwen3.6-72B Instruct,P27,3,25.0,1.511,0,0,1,0,0
Qwen3.6-72B Instruct,P27,4,15.0,1.511,0,0,0,0,0
Qwen3.6-72B Instruct,P27,5,35.0,1.511,0,0,1,0,0
Gemini 2.5 Pro,P01,1,70.0,-0.398,0,0,0,1,0
Gemini 2.5 Pro,P01,2,70.0,-0.398,0,0,0,1,0
Gemini 2.5 Pro,P01,3,70.0,-0.398,0,0,0,1,0
Gemini 2.5 Pro,P01,4,70.0,-0.398,0,0,0,1,0
Gemini 2.5 Pro,P01,5,75.0,-0.398,0,0,0,1,0
Gemini 2.5 Pro,P02,1,75.0,-0.398,0,0,0,1,0
Gemini 2.5 Pro,P02,2,70.0,-0.398,0,0,0,1,0
Gemini 2.5 Pro,P02,3,80.0,-0.398,0,0,0,1,0
Gemini 2.5 Pro,P02,4,70.0,-0.398,0,0,0,1,0
Gemini 2.5 Pro,P02,5,75.0,-0.398,0,0,0,1,0
Gemini 2.5 Pro,P03,1,70.0,-0.398,0,0,0,1,0
Gemini 2.5 Pro,P03,2,75.0,-0.398,0,0,0,1,0
Gemini 2.5 Pro,P03,3,75.0,-0.398,0,0,0,1,0
Gemini 2.5 Pro,P03,4,75.0,-0.398,0,0,0,1,0
Gemini 2.5 Pro,P03,5,75.0,-0.398,0,0,0,1,0
Gemini 2.5 Pro,P04,1,65.0,-0.398,0,0,0,1,0
Gemini 2.5 Pro,P04,2,50.0,-0.398,0,0,0,1,0
Gemini 2.5 Pro,P04,3,50.0,-0.398,0,0,0,1,0
Gemini 2.5 Pro,P04,4,65.0,-0.398,0,0,0,1,0
Gemini 2.5 Pro,P04,5,50.0,-0.398,0,0,0,1,0
Gemini 2.5 Pro,P05,1,65.0,-0.398,0,0,0,1,0
Gemini 2.5 Pro,P05,2,60.0,-0.398,0,0,1,1,0
Gemini 2.5 Pro,P05,3,65.0,-0.398,0,0,0,1,0
Gemini 2.5 Pro,P05,4,70.0,-0.398,0,0,0,1,0
Gemini 2.5 Pro,P05,5,65.0,-0.398,0,0,0,1,0
Gemini 2.5 Pro,P06,1,60.0,-0.398,0,0,0,1,0
Gemini 2.5 Pro,P06,2,65.0,-0.398,0,0,0,1,0
Gemini 2.5 Pro,P06,3,60.0,-0.398,0,0,0,1,0
Gemini 2.5 Pro,P06,4,60.0,-0.398,0,0,0,1,0
Gemini 2.5 Pro,P06,5,60.0,-0.398,0,0,0,1,0
Gemini 2.5 Pro,P07,1,60.0,-0.398,0,0,0,1,0
Gemini 2.5 Pro,P07,2,65.0,-0.398,0,0,0,1,0
Gemini 2.5 Pro,P07,3,60.0,-0.398,0,0,0,1,1
Gemini 2.5 Pro,P07,4,60.0,-0.398,0,0,0,1,0
Gemini 2.5 Pro,P07,5,65.0,-0.398,0,0,0,1,0
Gemini 2.5 Pro,P08,1,70.0,-0.398,0,0,1,1,0
Gemini 2.5 Pro,P08,2,70.0,-0.398,0,0,1,1,0
Gemini 2.5 Pro,P08,3,65.0,-0.398,0,0,1,1,0
Gemini 2.5 Pro,P08,4,60.0,-0.398,0,0,0,1,0
Gemini 2.5 Pro,P08,5,55.0,-0.398,0,0,0,1,0
Gemini 2.5 Pro,P09,1,60.0,-0.398,0,0,0,1,0
Gemini 2.5 Pro,P09,2,65.0,-0.398,0,0,0,1,0
Gemini 2.5 Pro,P09,3,60.0,-0.398,0,0,0,1,0
Gemini 2.5 Pro,P09,4,65.0,-0.398,0,0,0,1,0
Gemini 2.5 Pro,P09,5,65.0,-0.398,0,0,0,1,0
Gemini 2.5 Pro,P10,1,80.0,-0.398,0,0,0,1,0
Gemini 2.5 Pro,P10,2,75.0,-0.398,0,0,0,1,0
Gemini 2.5 Pro,P10,3,70.0,-0.398,0,0,0,1,0
Gemini 2.5 Pro,P10,4,70.0,-0.398,0,0,0,1,0
Gemini 2.5 Pro,P10,5,75.0,-0.398,0,0,0,1,0
Gemini 2.5 Pro,P11,1,75.0,-0.398,0,0,0,1,0
Gemini 2.5 Pro,P11,2,65.0,-0.398,0,0,0,1,0
Gemini 2.5 Pro,P11,3,65.0,-0.398,0,0,0,1,0
Gemini 2.5 Pro,P11,4,65.0,-0.398,0,0,0,1,0
Gemini 2.5 Pro,P11,5,75.0,-0.398,0,0,0,1,0
Gemini 2.5 Pro,P12,1,70.0,-0.398,0,0,0,1,0
Gemini 2.5 Pro,P12,2,70.0,-0.398,0,0,0,1,0
Gemini 2.5 Pro,P12,3,70.0,-0.398,0,0,0,1,0
Gemini 2.5 Pro,P12,4,75.0,-0.398,0,0,0,1,0
Gemini 2.5 Pro,P12,5,70.0,-0.398,0,0,0,1,0
Gemini 2.5 Pro,P13,1,50.0,-0.398,0,0,0,0,0
Gemini 2.5 Pro,P13,2,60.0,-0.398,0,0,0,1,0
Gemini 2.5 Pro,P13,3,50.0,-0.398,0,0,0,1,0
Gemini 2.5 Pro,P13,4,60.0,-0.398,0,0,0,1,0
Gemini 2.5 Pro,P13,5,60.0,-0.398,0,0,0,1,0
Gemini 2.5 Pro,P14,1,65.0,-0.398,0,0,0,1,0
Gemini 2.5 Pro,P14,2,65.0,-0.398,0,0,0,1,0
Gemini 2.5 Pro,P14,3,65.0,-0.398,0,0,0,1,0
Gemini 2.5 Pro,P14,4,60.0,-0.398,0,0,0,1,0
Gemini 2.5 Pro,P14,5,65.0,-0.398,0,0,0,1,0
Gemini 2.5 Pro,P15,1,65.0,-0.398,0,0,0,1,0
Gemini 2.5 Pro,P15,2,70.0,-0.398,0,0,0,1,0
Gemini 2.5 Pro,P15,3,65.0,-0.398,0,0,0,1,0
Gemini 2.5 Pro,P15,4,65.0,-0.398,0,0,0,1,0
Gemini 2.5 Pro,P15,5,65.0,-0.398,0,0,0,1,0
Gemini 2.5 Pro,P16,1,60.0,-0.398,0,0,0,1,0
Gemini 2.5 Pro,P16,2,55.0,-0.398,0,0,0,1,0
Gemini 2.5 Pro,P16,3,60.0,-0.398,0,0,0,1,0
Gemini 2.5 Pro,P16,4,60.0,-0.398,0,0,0,1,0
Gemini 2.5 Pro,P16,5,55.0,-0.398,0,0,0,1,1
Gemini 2.5 Pro,P17,1,60.0,-0.398,0,0,0,1,0
Gemini 2.5 Pro,P17,2,60.0,-0.398,0,0,0,1,0
Gemini 2.5 Pro,P17,3,65.0,-0.398,0,0,0,1,0
Gemini 2.5 Pro,P17,4,60.0,-0.398,0,0,0,1,0
Gemini 2.5 Pro,P17,5,65.0,-0.398,0,0,0,1,0
Gemini 2.5 Pro,P18,1,55.0,-0.398,0,0,0,1,0
Gemini 2.5 Pro,P18,2,60.0,-0.398,0,0,0,1,0
Gemini 2.5 Pro,P18,3,65.0,-0.398,0,0,0,1,0
Gemini 2.5 Pro,P18,4,60.0,-0.398,0,0,0,0,0
Gemini 2.5 Pro,P18,5,60.0,-0.398,0,0,0,0,0
Gemini 2.5 Pro,P19,1,75.0,-0.398,0,0,0,1,0
Gemini 2.5 Pro,P19,2,70.0,-0.398,0,0,0,1,0
Gemini 2.5 Pro,P19,3,75.0,-0.398,0,0,0,1,0
Gemini 2.5 Pro,P19,4,75.0,-0.398,0,0,0,1,0
Gemini 2.5 Pro,P19,5,75.0,-0.398,0,0,0,1,0
Gemini 2.5 Pro,P20,1,65.0,-0.398,0,0,0,1,0
Gemini 2.5 Pro,P20,2,80.0,-0.398,0,0,0,1,0
Gemini 2.5 Pro,P20,3,65.0,-0.398,0,0,0,1,0
Gemini 2.5 Pro,P20,4,65.0,-0.398,0,0,0,1,0
Gemini 2.5 Pro,P20,5,75.0,-0.398,0,0,0,0,0
Gemini 2.5 Pro,P21,1,65.0,-0.398,0,0,0,1,0
Gemini 2.5 Pro,P21,2,75.0,-0.398,0,0,0,0,0
Gemini 2.5 Pro,P21,3,75.0,-0.398,0,0,0,0,0
Gemini 2.5 Pro,P21,4,75.0,-0.398,0,0,0,0,0
Gemini 2.5 Pro,P21,5,65.0,-0.398,0,0,0,1,0
Gemini 2.5 Pro,P22,1,65.0,-0.398,0,0,0,1,0
Gemini 2.5 Pro,P22,2,60.0,-0.398,0,0,0,1,0
Gemini 2.5 Pro,P22,3,65.0,-0.398,0,0,0,1,0
Gemini 2.5 Pro,P22,4,65.0,-0.398,0,0,0,1,0
Gemini 2.5 Pro,P22,5,50.0,-0.398,0,0,0,1,0
Gemini 2.5 Pro,P23,1,65.0,-0.398,0,0,0,1,0
Gemini 2.5 Pro,P23,2,65.0,-0.398,0,0,0,1,0
Gemini 2.5 Pro,P23,3,60.0,-0.398,0,0,0,0,0
Gemini 2.5 Pro,P23,4,65.0,-0.398,0,0,0,1,0
Gemini 2.5 Pro,P23,5,70.0,-0.398,0,0,0,1,0
Gemini 2.5 Pro,P24,1,60.0,-0.398,0,0,0,1,0
Gemini 2.5 Pro,P24,2,60.0,-0.398,0,0,0,0,0
Gemini 2.5 Pro,P24,3,60.0,-0.398,0,0,0,1,0
Gemini 2.5 Pro,P24,4,65.0,-0.398,0,0,0,0,0
Gemini 2.5 Pro,P24,5,55.0,-0.398,0,0,0,0,0
Gemini 2.5 Pro,P25,1,60.0,-0.398,0,0,1,0,0
Gemini 2.5 Pro,P25,2,55.0,-0.398,0,0,0,1,0
Gemini 2.5 Pro,P25,3,60.0,-0.398,0,0,0,0,0
Gemini 2.5 Pro,P25,4,60.0,-0.398,0,0,0,1,0
Gemini 2.5 Pro,P25,5,50.0,-0.398,0,0,0,0,0
Gemini 2.5 Pro,P26,1,60.0,-0.398,0,0,0,1,0
Gemini 2.5 Pro,P26,2,65.0,-0.398,0,0,0,1,0
Gemini 2.5 Pro,P26,3,65.0,-0.398,0,0,0,1,0
Gemini 2.5 Pro,P26,4,65.0,-0.398,0,0,0,1,0
Gemini 2.5 Pro,P26,5,60.0,-0.398,0,0,0,1,0
Gemini 2.5 Pro,P27,1,55.0,-0.398,0,0,0,0,0
Gemini 2.5 Pro,P27,2,60.0,-0.398,0,0,1,0,0
Gemini 2.5 Pro,P27,3,65.0,-0.398,0,0,0,0,0
Gemini 2.5 Pro,P27,4,60.0,-0.398,0,0,0,0,0
Gemini 2.5 Pro,P27,5,60.0,-0.398,0,0,0,0,0
Gemini 2.5 Flash,P01,1,63.0,0.281,0,0,1,1,1
Gemini 2.5 Flash,P01,2,73.0,0.281,0,0,0,1,0
Gemini 2.5 Flash,P01,3,75.0,0.281,0,0,0,1,0
Gemini 2.5 Flash,P01,4,73.0,0.281,0,0,0,1,0
Gemini 2.5 Flash,P01,5,65.0,0.281,0,0,1,1,1
Gemini 2.5 Flash,P02,1,63.0,0.281,0,0,0,1,1
Gemini 2.5 Flash,P02,2,60.0,0.281,0,0,0,1,1
Gemini 2.5 Flash,P02,3,60.0,0.281,0,0,0,1,1
Gemini 2.5 Flash,P02,4,63.0,0.281,0,0,0,1,1
Gemini 2.5 Flash,P02,5,60.0,0.281,0,0,0,1,1
Gemini 2.5 Flash,P03,1,63.0,0.281,0,0,0,1,0
Gemini 2.5 Flash,P03,2,63.0,0.281,0,0,0,1,0
Gemini 2.5 Flash,P03,3,63.0,0.281,0,0,0,1,0
Gemini 2.5 Flash,P03,4,63.0,0.281,0,0,0,1,0
Gemini 2.5 Flash,P03,5,63.0,0.281,0,0,0,1,0
Gemini 2.5 Flash,P04,1,60.0,0.281,0,0,1,1,0
Gemini 2.5 Flash,P04,2,50.0,0.281,0,0,1,1,0
Gemini 2.5 Flash,P04,3,63.0,0.281,0,0,1,1,0
Gemini 2.5 Flash,P04,4,60.0,0.281,0,0,1,1,0
Gemini 2.5 Flash,P04,5,53.0,0.281,0,0,1,1,0
Gemini 2.5 Flash,P05,1,60.0,0.281,0,0,1,1,0
Gemini 2.5 Flash,P05,2,65.0,0.281,0,0,1,1,1
Gemini 2.5 Flash,P05,3,65.0,0.281,0,0,1,1,1
Gemini 2.5 Flash,P05,4,60.0,0.281,0,0,1,1,1
Gemini 2.5 Flash,P05,5,60.0,0.281,0,0,1,1,1
Gemini 2.5 Flash,P06,1,50.0,0.281,0,0,1,1,0
Gemini 2.5 Flash,P06,2,63.0,0.281,0,0,1,1,0
Gemini 2.5 Flash,P06,3,63.0,0.281,0,0,1,1,0
Gemini 2.5 Flash,P06,4,50.0,0.281,0,0,1,1,0
Gemini 2.5 Flash,P06,5,50.0,0.281,0,0,1,1,0
Gemini 2.5 Flash,P07,1,60.0,0.281,0,0,0,1,1
Gemini 2.5 Flash,P07,2,60.0,0.281,0,0,1,1,1
Gemini 2.5 Flash,P07,3,60.0,0.281,0,0,0,1,1
Gemini 2.5 Flash,P07,4,63.0,0.281,0,0,1,1,1
Gemini 2.5 Flash,P07,5,63.0,0.281,0,0,1,1,1
Gemini 2.5 Flash,P08,1,65.0,0.281,0,0,0,1,0
Gemini 2.5 Flash,P08,2,65.0,0.281,0,0,0,1,0
Gemini 2.5 Flash,P08,3,63.0,0.281,0,0,1,1,0
Gemini 2.5 Flash,P08,4,65.0,0.281,0,0,1,1,0
Gemini 2.5 Flash,P08,5,63.0,0.281,0,0,1,1,0
Gemini 2.5 Flash,P09,1,55.0,0.281,0,0,0,1,0
Gemini 2.5 Flash,P09,2,55.0,0.281,0,0,0,1,1
Gemini 2.5 Flash,P09,3,55.0,0.281,0,0,0,1,1
Gemini 2.5 Flash,P09,4,55.0,0.281,0,0,0,1,1
Gemini 2.5 Flash,P09,5,55.0,0.281,0,0,0,1,1
Gemini 2.5 Flash,P10,1,75.0,0.281,0,0,0,1,0
Gemini 2.5 Flash,P10,2,75.0,0.281,0,0,0,1,0
Gemini 2.5 Flash,P10,3,75.0,0.281,0,0,0,1,0
Gemini 2.5 Flash,P10,4,75.0,0.281,0,0,0,1,0
Gemini 2.5 Flash,P10,5,75.0,0.281,0,0,0,1,0
Gemini 2.5 Flash,P11,1,63.0,0.281,0,0,0,1,0
Gemini 2.5 Flash,P11,2,63.0,0.281,0,0,0,1,0
Gemini 2.5 Flash,P11,3,63.0,0.281,0,0,1,0,0
Gemini 2.5 Flash,P11,4,60.0,0.281,0,0,0,1,0
Gemini 2.5 Flash,P11,5,65.0,0.281,0,0,1,0,0
Gemini 2.5 Flash,P12,1,65.0,0.281,0,0,1,1,1
Gemini 2.5 Flash,P12,2,65.0,0.281,0,0,1,1,1
Gemini 2.5 Flash,P12,3,65.0,0.281,0,0,1,1,1
Gemini 2.5 Flash,P12,4,65.0,0.281,0,0,1,1,1
Gemini 2.5 Flash,P12,5,65.0,0.281,0,0,1,1,1
Gemini 2.5 Flash,P13,1,63.0,0.281,0,0,1,1,1
Gemini 2.5 Flash,P13,2,65.0,0.281,0,0,0,1,0
Gemini 2.5 Flash,P13,3,63.0,0.281,0,0,1,1,1
Gemini 2.5 Flash,P13,4,65.0,0.281,0,0,1,1,1
Gemini 2.5 Flash,P13,5,65.0,0.281,0,0,0,1,0
Gemini 2.5 Flash,P14,1,63.0,0.281,0,0,0,1,1
Gemini 2.5 Flash,P14,2,60.0,0.281,0,0,0,1,1
Gemini 2.5 Flash,P14,3,63.0,0.281,0,0,0,1,1
Gemini 2.5 Flash,P14,4,63.0,0.281,0,0,0,1,1
Gemini 2.5 Flash,P14,5,60.0,0.281,0,0,0,1,1
Gemini 2.5 Flash,P15,1,53.0,0.281,0,0,1,1,1
Gemini 2.5 Flash,P15,2,53.0,0.281,0,0,1,1,1
Gemini 2.5 Flash,P15,3,53.0,0.281,0,0,1,1,1
Gemini 2.5 Flash,P15,4,53.0,0.281,0,0,1,1,1
Gemini 2.5 Flash,P15,5,53.0,0.281,0,0,0,1,0
Gemini 2.5 Flash,P16,1,50.0,0.281,0,0,0,1,0
Gemini 2.5 Flash,P16,2,50.0,0.281,0,0,0,1,0
Gemini 2.5 Flash,P16,3,50.0,0.281,0,0,0,1,0
Gemini 2.5 Flash,P16,4,50.0,0.281,0,0,0,1,0
Gemini 2.5 Flash,P16,5,50.0,0.281,0,0,0,1,0
Gemini 2.5 Flash,P17,1,45.0,0.281,0,0,1,1,0
Gemini 2.5 Flash,P17,2,53.0,0.281,0,0,1,1,0
Gemini 2.5 Flash,P17,3,45.0,0.281,0,0,1,1,0
Gemini 2.5 Flash,P17,4,45.0,0.281,0,0,1,1,0
Gemini 2.5 Flash,P17,5,53.0,0.281,0,0,1,1,0
Gemini 2.5 Flash,P18,1,55.0,0.281,0,0,1,1,1
Gemini 2.5 Flash,P18,2,55.0,0.281,0,0,1,1,1
Gemini 2.5 Flash,P18,3,50.0,0.281,0,0,1,1,1
Gemini 2.5 Flash,P18,4,55.0,0.281,0,0,1,1,1
Gemini 2.5 Flash,P18,5,50.0,0.281,0,0,1,1,1
Gemini 2.5 Flash,P19,1,75.0,0.281,0,0,0,1,1
Gemini 2.5 Flash,P19,2,65.0,0.281,0,0,1,1,0
Gemini 2.5 Flash,P19,3,75.0,0.281,0,0,0,1,1
Gemini 2.5 Flash,P19,4,65.0,0.281,0,0,1,1,0
Gemini 2.5 Flash,P19,5,65.0,0.281,0,0,1,1,0
Gemini 2.5 Flash,P20,1,67.0,0.281,0,0,1,1,1
Gemini 2.5 Flash,P20,2,75.0,0.281,0,0,0,1,0
Gemini 2.5 Flash,P20,3,77.0,0.281,0,0,0,1,0
Gemini 2.5 Flash,P20,4,67.0,0.281,0,0,1,1,1
Gemini 2.5 Flash,P20,5,65.0,0.281,0,0,1,1,1
Gemini 2.5 Flash,P21,1,55.0,0.281,0,0,1,1,1
Gemini 2.5 Flash,P21,2,55.0,0.281,0,0,1,1,1
Gemini 2.5 Flash,P21,3,53.0,0.281,0,0,0,1,0
Gemini 2.5 Flash,P21,4,63.0,0.281,0,0,1,1,1
Gemini 2.5 Flash,P21,5,55.0,0.281,0,0,0,1,0
Gemini 2.5 Flash,P22,1,55.0,0.281,0,0,1,1,0
Gemini 2.5 Flash,P22,2,65.0,0.281,0,0,0,1,0
Gemini 2.5 Flash,P22,3,55.0,0.281,0,0,1,1,0
Gemini 2.5 Flash,P22,4,55.0,0.281,0,0,1,1,0
Gemini 2.5 Flash,P22,5,65.0,0.281,0,0,0,1,0
Gemini 2.5 Flash,P23,1,55.0,0.281,0,0,0,1,0
Gemini 2.5 Flash,P23,2,55.0,0.281,0,0,0,1,0
Gemini 2.5 Flash,P23,3,55.0,0.281,0,0,0,1,1
Gemini 2.5 Flash,P23,4,55.0,0.281,0,0,0,1,1
Gemini 2.5 Flash,P23,5,55.0,0.281,0,0,0,1,0
Gemini 2.5 Flash,P24,1,50.0,0.281,0,0,1,1,0
Gemini 2.5 Flash,P24,2,55.0,0.281,0,0,1,1,0
Gemini 2.5 Flash,P24,3,50.0,0.281,0,0,1,1,0
Gemini 2.5 Flash,P24,4,50.0,0.281,0,0,1,1,0
Gemini 2.5 Flash,P24,5,55.0,0.281,0,0,1,1,0
Gemini 2.5 Flash,P25,1,48.0,0.281,0,0,1,1,0
Gemini 2.5 Flash,P25,2,40.0,0.281,0,0,1,0,1
Gemini 2.5 Flash,P25,3,45.0,0.281,0,0,1,1,0
Gemini 2.5 Flash,P25,4,43.0,0.281,0,0,1,0,1
Gemini 2.5 Flash,P25,5,40.0,0.281,0,0,1,0,1
Gemini 2.5 Flash,P26,1,55.0,0.281,0,0,1,0,0
Gemini 2.5 Flash,P26,2,55.0,0.281,0,0,1,1,0
Gemini 2.5 Flash,P26,3,50.0,0.281,0,0,1,1,0
Gemini 2.5 Flash,P26,4,50.0,0.281,0,0,1,0,0
Gemini 2.5 Flash,P26,5,55.0,0.281,0,0,1,1,0
Gemini 2.5 Flash,P27,1,45.0,0.281,0,0,0,1,0
Gemini 2.5 Flash,P27,2,23.0,0.281,0,0,0,1,0
Gemini 2.5 Flash,P27,3,23.0,0.281,0,0,0,1,0
Gemini 2.5 Flash,P27,4,45.0,0.281,0,0,0,1,0
Gemini 2.5 Flash,P27,5,23.0,0.281,0,0,0,1,0
